AFCR11,AF INVEST FUNDO DE INVESTIMENTO IMOBILIÁRIO - RECEBÍVEIS IMOBILIÁRIOS,32065364000146,BRAFCRCTF007,CM CAPITAL MARKETS DTVM LTDA,02671743000119
AFOF11,ALIANZA FOF FUNDO DE INVESTIMENTO IMOBILIÁRIO,34847063000108,BRAFOFCTF007,BRL TRUST DISTRIBUIDORA DE TITULOS E VALORES MOBILIARIOS S.A.,13486793000142
ALZR11,ALIANZA TRUST RENDA IMOBILIARIA - FUNDO DE INVESTIMENTO IMOBILIARIO,28737771000185,BRALZRCTF006,BTG PACTUAL SERVIÇOS FINANCEIROS S/A DTVM,59281253000123
AQLL11,AQUILLA FUNDO DE INVESTIMENTO IMOBILIÁRIO,13555918000149,BRAQLLCTF008,ÍNDIGO INVESTIMENTOS DISTRIBUIDORA DE TÍTULOS E VALORES MOBILIÁRIOS LTDA,00329598000167
AIEC11,AUTONOMY EDIFÍCIOS CORPORATIVOS FUNDO DE INVESTIMENTO IMOBILIÁRIO - FII,35765826000126,BRAIECCTF009,MODAL D.T.V.M. LTDA,05389174000101
BCRI11,BANESTES RECEBIVEIS IMOBILIARIOS FUNDO DE INVESTIMENTO IMOBILIARIO,22219335000138,BRBCRITF009,BRL TRUST DISTRIBUIDORA DE TITULOS E VALORES MOBILIARIOS S.A.,13486793000142
BNFS11,BANRISUL NOVAS FRONTEIRAS FUNDO DE INVESTIMENTO IMOBILIARIO - FII,15570431000160,BRBNFSCTF000,OLIVEIRA TRUST DTVM S.A.,36113876000191
BBFO11,BB FUNDO DE FUNDOS - FUNDO DE INVESTIMENTO IMOBILIÁRIO,37180091000102,BRBBFOCTF004,BB GESTAO DE RECURSOS DTVM S.A,30822936000169
BBPO11,BB PROGRESSIVO II FUNDO DE INVESTIMENTO IMOBILIÁRIO - FII,14410722000129,BRBBPOCTF003,VOTORANTIM ASSET MANAGEMENT DTVM LTDA.,03384738000198
BBIM11,BB RECEBÍVEIS IMOBILIÁRIOS FUNDO DE INVESTIMENTO IMOBILIÁRIO - FII,20716161000193,BRBBIMCTF002,BB GESTAO DE RECURSOS DTVM S.A,30822936000169
BBRC11,BB RENDA CORPORATIVA FUNDO DE INVESTIMENTO IMOBILIÁRIO - FII,12681340000104,BRBBRCCTF004,VOTORANTIM ASSET MANAGEMENT DTVM LTDA.,03384738000198
RDPD11,BB RENDA DE PAPÉIS IMOBILIÁRIOS II FUNDO DE INVESTIMENTO IMOBILIÁRIO - FII,23120027000113,BRRDPDCTF008,VOTORANTIM ASSET MANAGEMENT DTVM LTDA.,03384738000198
RNDP11,BB RENDA DE PAPÉIS IMOBILIÁRIOS FUNDO DE INVESTIMENTO IMOBILIÁRIO - FII,15394563000189,BRRNDPCTF007,VOTORANTIM ASSET MANAGEMENT DTVM LTDA.,03384738000198
BLCP11,BLUECAP RENDA LOGÍSTICA FUNDO DE INVESTIMENTO IMOBILIÁRIO -FII,35652060000173,BRBLCPCTF007,BTG PACTUAL SERVIÇOS FINANCEIROS S/A DTVM,59281253000123
BLMG11,BLUEMACAW LOGÍSTICA FUNDO DE INVESTIMENTO IMOBILIÁRIO,34081637000171,BRBLMGCTF005,VORTX DISTRIBUIDORA DE TITULOS E VALORES MOBILIARIOS LTDA.,22610500000188
BLMO11,BLUEMACAW OFFICE FUND II - FUNDO DE INVESTIMENTO IMOBILIÁRIO,34895894000147,BRBLMOR01M14,BRL TRUST DISTRIBUIDORA DE TITULOS E VALORES MOBILIARIOS S.A.,13486793000142
BLMR11,BLUEMACAW RENDA+ FOF FUNDO DE INVESTIMENTO IMOBILIÁRIO,36368869000130,BRBLMRCTF002,BRL TRUST DISTRIBUIDORA DE TITULOS E VALORES MOBILIARIOS S.A.,13486793000142
BCIA11,BRADESCO CARTEIRA IMOBILIÁRIA ATIVA,20216935000117,BRBCIACTF005,BANCO BRADESCO S.A.,60746948000112
BREV11,BRAZIL REAL ESTATE VICTORY FUND I - FUNDO DE INVESTIMENTO IMOBILIARIO,26195121000120,BRBREVCTF008,BR-CAPITAL DTVM S.A.,44077014000189
BZLI11,BRAZIL REALTY FUNDO DE INVESTIMENTO IMOBILIÁRIO - FII,14074706000102,BRBZLICTF003,ÍNDIGO INVESTIMENTOS DISTRIBUIDORA DE TÍTULOS E VALORES MOBILIÁRIOS LTDA,00329598000167
CARE11,BRAZILIAN GRAVEYARD AND DEATH CARE SERVICES FUNDO DE INVESTIMENTO IMOBILIÁRIO - FII,13584584000131,BRCARECTF000,PLANNER TRUSTEE DISTRIBUIDORA DE TITULOS E VALORES MOBILIARIOS LTDA.,67030395000146
BRCO11,BRESCO LOGÍSTICA FUNDO DE INVESTIMENTO IMOBILIÁRIO,20748515000181,BRBRCOCTF007,OLIVEIRA TRUST DTVM S.A.,36113876000191
BRIM11,BRIO REAL ESTATE II - FUNDO DE INVESTIMENTO IMOBILIÁRIO,23964843000103,BRBRIMCTF008,BRL TRUST DISTRIBUIDORA DE TITULOS E VALORES MOBILIARIOS S.A.,13486793000142
BRIP11,BRIO REAL ESTATE III FUNDO DE INVESTIMENTO IMOBILIÁRIO,34895752000180,BRBRIPCTF001,BRL TRUST DISTRIBUIDORA DE TITULOS E VALORES MOBILIARIOS S.A.,13486793000142
BTLG11,BTG PACTUAL LOGÍSTICA FUNDO DE INVESTIMENTO IMOBILIÁRIO,11839593000109,BRBTLGCTF000,BTG PACTUAL SERVIÇOS FINANCEIROS S/A DTVM,59281253000123
CRFF11,CAIXA RIO BRAVO FUNDO DE FUNDOS DE INVESTIMENTO IMOBILIÁRIO II,31887401000139,BRCRFFCTF006,CAIXA ECONOMICA FEDERAL,00360305000104
CXRI11,CAIXA RIO BRAVO FUNDO DE FUNDOS DE INVESTIMENTO IMOBILIARIO - FII,17098794000170,BRCXRICTF003,CAIXA ECONOMICA FEDERAL,00360305000104
CPFF11,CAPITÂNIA REIT FOF - FUNDO DE INVESTIMENTO IMOBILIÁRIO,34081611000123,BRCPFFCTF000,BTG PACTUAL SERVIÇOS FINANCEIROS S/A DTVM,59281253000123
CPTS11,CAPITÂNIA SECURITIES II FUNDO DE INVESTIMENTO IMOBILIÁRIO - FII,18979895000113,BRCPTSCTF004,BTG PACTUAL SERVIÇOS FINANCEIROS S/A DTVM,59281253000123
CBOP11,CASTELLO BRANCO OFFICE PARK FUNDO DE INVESTIMENTO IMOBILIÁRIO - FII,17144039000185,BRCBOPCTF001,CREDIT SUISSE HEDGING-GRIFFO CORRETORA DE VALORES S.A.,61809182000130
CFHI11,CF2 FUNDO DE INVESTIMENTO IMOBILIÁRIO.,34508923000170,BR045ECTF004,VORTX DISTRIBUIDORA DE TITULOS E VALORES MOBILIARIOS LTDA.,22610500000188
CJCT11,CIDADE JARDIM CONTINENTAL TOWER FUNDO DE INVESTIMENTO IMOBILIÁRIO,10347985000180,BRCJCTCTF001,HEDGE INVESTMENTS DISTRIBUIDORA DE TÍTULOS E VALORES MOBILIÁRIOS LTDA.,07253654000176
HGFF11,CSHG IMOBILIÁRIO FOF - FUNDO DE INVESTIMENTO IMOBILIÁRIO - FII,32784898000122,BRHGFFCTF008,CREDIT SUISSE HEDGING-GRIFFO CORRETORA DE VALORES S.A.,61809182000130
HGLG11,CSHG LOGÍSTICA - FUNDO DE INVESTIMENTO IMOBILIÁRIO - FII,11728688000147,BRHGLGCTF004,CREDIT SUISSE HEDGING-GRIFFO CORRETORA DE VALORES S.A.,61809182000130
HGPO11,CSHG PRIME OFFICES - FUNDO DE INVESTIMENTO IMOBILIÁRIO FII,11260134000168,BRHGPOCTF009,CREDIT SUISSE HEDGING-GRIFFO CORRETORA DE VALORES S.A.,61809182000130
HGRE11,CSHG REAL ESTATE - FUNDO DE INVESTIMENTO IMOBILIÁRIO - FII,09072017000129,BRHGRECTF006,CREDIT SUISSE HEDGING-GRIFFO CORRETORA DE VALORES S.A.,61809182000130
HGCR11,CSHG RECEBÍVEIS IMOBILIÁRIOS - FUNDO DE INVESTIMENTO IMOBILIÁRIO - FII,11160521000122,BRHGCRCTF000,CREDIT SUISSE HEDGING-GRIFFO CORRETORA DE VALORES S.A.,61809182000130
HGRU11,CSHG RENDA URBANA - FUNDO DE INVESTIMENTO IMOBILIARIO - FII,29641226000153,BRHGRUCTF002,CREDIT SUISSE HEDGING-GRIFFO CORRETORA DE VALORES S.A.,61809182000130
DEVA11,DEVANT RECEBÍVEIS IMOBILIÁRIOS FUNDO DE INVESTIMENTO IMOBILIÁRIO,37087810000137,BR04U4CTF000,VORTX DISTRIBUIDORA DE TITULOS E VALORES MOBILIARIOS LTDA.,22610500000188
ERPA11,EUROPA 105 - FUNDO DE INVESTIMENTO IMOBILIÁRIO,31469385000164,-,OLIVEIRA TRUST DTVM S.A.,36113876000191
KEVE11,EVEN II KINEA FUNDO DE INVESTIMENTO IMOBILIÁRIO,32317313000164,.,INTRAG DTVM LTDA.,62418140000131
KINP11,EVEN PERMUTA KINEA FII - FUNDO DE INVESTIMENTO IMOBILIÁRIO,24070076000151,BRKINPCTF001,INTRAG DTVM LTDA.,62418140000131
FLCR11,FARIA LIMA CAPITAL RECEBÍVEIS IMOBILIÁRIOS I - FUNDO DE INVESTIMENTO IMOBILIÁRIO,33884145000151,BRFLCRR01M19,BRL TRUST DISTRIBUIDORA DE TITULOS E VALORES MOBILIARIOS S.A.,13486793000142
VRTA11,FATOR VERITA FUNDO DE INVESTIMENTO IMOBILIARIO,11664201000100,BRVRTACTF008,BANCO FATOR S/A,33644196000106
BMII11,FUNDO BRASÍLIO MACHADO DE INVESTIMENTO IMOBILIÁRIO,02027437000144,BRBMIICTF007,RIO BRAVO INVESTIMENTOS - DISTRIBUIDORA DE TITULOS E VALORES MOBILIARIOS LTDA,72600026000181
BTCR11,FUNDO DE INVESTIMENTO IMOBILIARIO - BTG PACTUAL CREDITO IMOBILIARIO,29787928000140,BRBTCRCTF006,BTG PACTUAL SERVIÇOS FINANCEIROS S/A DTVM,59281253000123
FAED11,FII ANHANGUERA EDUCACIONAL,11179118000145,BRFAEDCTF003,BTG PACTUAL SERVIÇOS FINANCEIROS S/A DTVM,59281253000123
BMLC11,FII BM BRASCAN LAJES CORPORATIVAS,14376247000111,BRBMLCCTF004,BTG PACTUAL SERVIÇOS FINANCEIROS S/A DTVM,59281253000123
BPRP11,FUNDO DE INVESTIMENTO IMOBILIARIO - FII BRLPROP,29800650000101,BRBPRPCTF006,BTG PACTUAL SERVIÇOS FINANCEIROS S/A DTVM,59281253000123
BRCR11,FUNDO DE INVESTIMENTO IMOBILIÁRIO - FII BTG PACTUAL CORPORATE OFFICE FUND,08924783000101,BRBRCRCTF000,BTG PACTUAL SERVIÇOS FINANCEIROS S/A DTVM,59281253000123
FEXC11,FUNDO DE INVESTIMENTO IMOBILIÁRIO - FII BTG PACTUAL FUNDO DE CRI,09552812000114,BRFEXCCTF007,BTG PACTUAL SERVIÇOS FINANCEIROS S/A DTVM,59281253000123
BCFF11,FUNDO DE INVESTIMENTO IMOBILIÁRIO - FII BTG PACTUAL FUNDO DE FUNDOS,11026627000138,BRBCFFCTF000,BTG PACTUAL SERVIÇOS FINANCEIROS S/A DTVM,59281253000123
FCFL11,FII CAMPUS FARIA LIMA,11602654000101,BRFCFLCTF009,BTG PACTUAL SERVIÇOS FINANCEIROS S/A DTVM,59281253000123
CNES11,FII CENESP,13551286000145,BRCNESCTF001,BTG PACTUAL SERVIÇOS FINANCEIROS S/A DTVM,59281253000123
CEOC11,FUNDO DE INVESTIMENTO IMOBILIARIO - FII CEO CYRELA COMMERCIAL PROPERTIES,15799397000109,BRCEOCCTF003,BTG PACTUAL SERVIÇOS FINANCEIROS S/A DTVM,59281253000123
THRA11,FII CYRELA THERA CORPORATE,13966653000171,BRTHRACTF007,BTG PACTUAL SERVIÇOS FINANCEIROS S/A DTVM,59281253000123
EDGA11,FUNDO DE INVESTIMENTO IMOBILIARIO - FII EDIFICIO GALERIA,15333306000137,BREDGACTF001,BTG PACTUAL SERVIÇOS FINANCEIROS S/A DTVM,59281253000123
FLRP11,FII FLORIPA SHOPPING,10375382000191,BRFLRPCTF006,BTG PACTUAL SERVIÇOS FINANCEIROS S/A DTVM,59281253000123
HCRI11,FII HOSPITAL DA CRIANÇA,04066582000160,BRHCRICTF006,BTG PACTUAL SERVIÇOS FINANCEIROS S/A DTVM,59281253000123
NSLU11,FII HOSPITAL NOSSA SENHORA DE LOURDES,08014513000163,BRNSLUCTF008,BTG PACTUAL SERVIÇOS FINANCEIROS S/A DTVM,59281253000123
HTMX11,FII HOTEL MAXINVEST,08706065000169,BRHTMXCTF000,BTG PACTUAL SERVIÇOS FINANCEIROS S/A DTVM,59281253000123
MAXR11,FII MAX RETAIL,11274415000170,BRMAXRCTF009,BTG PACTUAL SERVIÇOS FINANCEIROS S/A DTVM,59281253000123
NCHB11,FUNDO DE INVESTIMENTO IMOBILIÁRIO - FII NCH BRASIL RECEBÍVEIS IMOBILIÁRIOS,18085673000157,BRNCHBCTF000,BTG PACTUAL SERVIÇOS FINANCEIROS S/A DTVM,59281253000123
NVHO11,FUNDO DE INVESTIMENTO IMOBILIARIO - FII NOVO HORIZONTE,17025970000144,BRNVHOCTF003,BANCO GENIAL S.A.,45246410000155
PQDP11,FII PARQUE DOM PEDRO SHOPPING CENTER,10869155000112,BRPQDPCTF004,BTG PACTUAL SERVIÇOS FINANCEIROS S/A DTVM,59281253000123
RBRM11,FUNDO DE INVESTIMENTO IMOBILIÁRIO - FII RBR DESENVOLVIMENTO,26314437000193,BRRBRMCTF009,BTG PACTUAL SERVIÇOS FINANCEIROS S/A DTVM,59281253000123
RBRR11,FUNDO DE INVESTIMENTO IMOBILIARIO - FII RBR RENDIMENTO HIGH GRADE,29467977000103,BRRBRRCTF008,BTG PACTUAL SERVIÇOS FINANCEIROS S/A DTVM,59281253000123
RECR11,FUNDO DE INVESTIMENTO IMOBILIÁRIO - FII REC RECEBÍVEIS IMOBILIÁRIOS,28152272000126,BRRECRCTF004,BRL TRUST DISTRIBUIDORA DE TITULOS E VALORES MOBILIARIOS S.A.,13486793000142
RECT11,FUNDO DE INVESTIMENTO IMOBILIÁRIO - FII REC RENDA IMOBILIÁRIA,32274163000159,BRRECTCTF000,BRL TRUST DISTRIBUIDORA DE TITULOS E VALORES MOBILIARIOS S.A.,13486793000142
JRDM11,FII SHOPPING JARDIM SUL,14879856000193,BRJRDMCTF002,BTG PACTUAL SERVIÇOS FINANCEIROS S/A DTVM,59281253000123
TBOF11,FUNDO DE INVESTIMENTO IMOBILIÁRIO - FII TB OFFICE,17365105000147,BRTBOFCTF006,BTG PACTUAL SERVIÇOS FINANCEIROS S/A DTVM,59281253000123
ALMI11,FII TORRE ALMIRANTE,07122725000100,BRALMICTF003,BTG PACTUAL SERVIÇOS FINANCEIROS S/A DTVM,59281253000123
TRNT11,FUNDO DE INVESTIMENTO IMOBILIÁRIO - FII TORRE NORTE,04722883000102,BRTRNTCTF013,BTG PACTUAL SERVIÇOS FINANCEIROS S/A DTVM,59281253000123
VLOL11,FUNDO DE INVESTIMENTO IMOBILIARIO - FII VILA OLIMPIA CORPORATE,15296696000112,BRVLOLCTF009,OLIVEIRA TRUST DTVM S.A.,36113876000191
OUFF11,FUNDO DE INVESTIMENTO IMOBILIÁRIO - OURINVEST FUNDO DE FUNDOS,30791386000168,BROUFFCTF005,BANCO OURINVEST S.A.,78632767000120
VVPR11,Fundo de Investimento Imobiliário - V2 Properties,33045581000137,BRVVPRCTF002,BTG PACTUAL SERVIÇOS FINANCEIROS S/A DTVM,59281253000123
LVBI11,FUNDO DE INVESTIMENTO IMOBILIARIO - VBI LOGISTICO,30629603000118,BRLVBICTF002,BTG PACTUAL SERVIÇOS FINANCEIROS S/A DTVM,59281253000123
BARI11,FUNDO DE INVESTIMENTO IMOBILIÁRIO BARIGUI RENDIMENTOS IMOBILIÁRIOS I FII,29267567000100,BRBARICTF003,OLIVEIRA TRUST DTVM S.A.,36113876000191
BPFF11,FUNDO DE INVESTIMENTO IMOBILIÁRIO - FII BRASIL PLURAL ABSOLUTO FUNDO DE FUNDOS,17324357000128,BRBPFFCTF002,GENIAL INVESTIMENTOS CORRETORA DE VALORES MOBILIÁRIOS S.A.,27652684000162
BVAR11,FUNDO DE INVESTIMENTO IMOBILIÁRIO BRASIL VAREJO,21126204000143,BRBVARCTF006,RIO BRAVO INVESTIMENTOS - DISTRIBUIDORA DE TITULOS E VALORES MOBILIARIOS LTDA,72600026000181
BPML11,FUNDO DE INVESTIMENTO IMOBILIÁRIO BTG PACTUAL SHOPPINGS,33046142000149,BRBPMLCTF006,BTG PACTUAL SERVIÇOS FINANCEIROS S/A DTVM,59281253000123
CXTL11,FUNDO DE INVESTIMENTO IMOBILIARIO CAIXA TRX LOGISTICA RENDA,12887506000143,BRCXTLCTF003,CAIXA ECONOMICA FEDERAL,00360305000104
CTXT11,FUNDO DE INVESTIMENTO IMOBILIÁRIO CENTRO TEXTIL INTERNACIONAL,00762723000128,BRCTXTCTF014,RIO BRAVO INVESTIMENTOS - DISTRIBUIDORA DE TITULOS E VALORES MOBILIARIOS LTDA,72600026000181
FLMA11,FII CONTINENTAL SQUARE FARIA LIMA,04141645000103,BRFLMACTF009,BR-CAPITAL DTVM S.A.,44077014000189
EURO11,FII EUROPAR,05437916000127,BREUROCTF011,COINVALORES CCVM LTDA,00336036000140
ABCP11,FUNDO DE INVESTIMENTO IMOBILIÁRIO GRAND PLAZA SHOPPING,01201140000190,BRABCPCTF000,RIO BRAVO INVESTIMENTOS - DISTRIBUIDORA DE TITULOS E VALORES MOBILIARIOS LTDA,72600026000181
GTWR11,FUNDO DE INVESTIMENTO IMOBILIÁRIO GREEN TOWERS,23740527000158,BRGTWRCTF003,VOTORANTIM ASSET MANAGEMENT DTVM LTDA.,03384738000198
HUSC11,FUNDO DE INVESTIMENTO IMOBILIARIO HOSPITAL UNIMED SUL CAPIXABA,28851767000143,BRHUSCCTF009,RIO BRAVO INVESTIMENTOS - DISTRIBUIDORA DE TITULOS E VALORES MOBILIARIOS LTDA,72600026000181
FIIB11,FUNDO DE INVESTIMENTO IMOBILIARIO INDUSTRIAL DO BRASIL,14217108000145,BRFIIBCTF001,COINVALORES CCVM LTDA,00336036000140
FINF11,FUNDO DE INVESTIMENTO IMOBILIÁRIO INFRA REAL ESTATE - FII,18369510000104,BRFINFCTF002,PLANNER TRUSTEE DISTRIBUIDORA DE TITULOS E VALORES MOBILIARIOS LTDA.,67030395000146
FMOF11,FII MEMORIAL OFFICE,01633741000172,BRFMOFCTF010,COINVALORES CCVM LTDA,00336036000140
MBRF11,FUNDO DE INVESTIMENTO IMOBILIÁRIO MERCANTIL DO BRASIL - FII,13500306000159,BRMBRFCTF004,RIO BRAVO INVESTIMENTOS - DISTRIBUIDORA DE TITULOS E VALORES MOBILIARIOS LTDA,72600026000181
MGFF11,FUNDO DE INVESTIMENTO IMOBILIARIO MOGNO FUNDO DE FUNDOS,29216463000177,BRMGFFCTF008,BTG PACTUAL SERVIÇOS FINANCEIROS S/A DTVM,59281253000123
NPAR11,FII - FUNDO DE INVESTIMENTO IMOBILIÁRIO NESTPAR,24814916000143,BRNPARCTF003,PLANNER TRUSTEE DISTRIBUIDORA DE TITULOS E VALORES MOBILIARIOS LTDA.,67030395000146
OULG11,FUNDO DE INVESTIMENTO IMOBILIÁRIO OURINVEST LOGÍSTICA,13974819000100,BROULGCTF001,BANCO OURINVEST S.A.,78632767000120
PABY11,FUNDO DE INVESTIMENTO IMOBILIÁRIO PANAMBY,00613094000174,BRPABYCTF012,BRKB DISTRIBUIDORA DE TITULOS E VALORES MOBILIARIOS S.A.,33923111000129
FPNG11,FUNDO DE INVESTIMENTO IMOBILIÁRIO PEDRA NEGRA RENDA IMOBILIÁRIA,17161979000182,BRFPNGCTF005,BR-CAPITAL DTVM S.A.,44077014000189
VPSI11,FUNDO DE INVESTIMENTO IMOBILIÁRIO POLO SHOPPING INDAIATUBA,14721889000100,BRVPSICTF007,VOTORANTIM ASSET MANAGEMENT DTVM LTDA.,03384738000198
FPAB11,FII PROJ AGUA BRANCA,03251720000118,BRFPABCTF011,COINVALORES CCVM LTDA,00336036000140
RBRY11,Fundo de Investimento Imobiliário RBR Crédito Imobiliário Estruturado,30166700000111,BRRBRYCTF004,BTG PACTUAL SERVIÇOS FINANCEIROS S/A DTVM,59281253000123
RBRP11,FUNDO DE INVESTIMENTO IMOBILIARIO RBR PROPERTIES - FII,21408063000151,BRRBRPCTF002,BRL TRUST DISTRIBUIDORA DE TITULOS E VALORES MOBILIARIOS S.A.,13486793000142
RCRB11,FUNDO DE INVESTIMENTO IMOBILIÁRIO RIO BRAVO RENDA CORPORATIVA,03683056000186,BRRCRBCTF000,RIO BRAVO INVESTIMENTOS - DISTRIBUIDORA DE TITULOS E VALORES MOBILIARIOS LTDA,72600026000181
RBED11,FUNDO DE INVESTIMENTO IMOBILIÁRIO RIO BRAVO RENDA EDUCACIONAL- FII,13873457000152,BRRBEDCTF006,RIO BRAVO INVESTIMENTOS - DISTRIBUIDORA DE TITULOS E VALORES MOBILIARIOS LTDA,72600026000181
RBVA11,FUNDO DE INVESTIMENTO IMOBILIÁRIO RIO BRAVO RENDA VAREJO - FII,15576907000170,BRRBVACTF006,RIO BRAVO INVESTIMENTOS - DISTRIBUIDORA DE TITULOS E VALORES MOBILIARIOS LTDA,72600026000181
RNGO11,FUNDO DE INVESTIMENTO IMOBILIÁRIO RIO NEGRO - FII,15006286000190,BRRNGOCTF003,RIO BRAVO INVESTIMENTOS - DISTRIBUIDORA DE TITULOS E VALORES MOBILIARIOS LTDA,72600026000181
SFND11,FUNDO DE INVESTIMENTO IMOBILIÁRIO SÃO FERNANDO,09350920000104,BRSFNDCTF006,RIO BRAVO INVESTIMENTOS - DISTRIBUIDORA DE TITULOS E VALORES MOBILIARIOS LTDA,72600026000181
FISC11,FUNDO DE INVESTIMENTO IMOBILIÁRIO SC 401,12804013000100,BRFISCCTF008,BR-CAPITAL DTVM S.A.,44077014000189
SCPF11,SCP FII,01657856000105,BRSCPFCTF003,BR-CAPITAL DTVM S.A.,44077014000189
SDIL11,FUNDO DE INVESTIMENTO IMOBILIARIO SDI RIO BRAVO RENDA LOGÍSTICA - FII,16671412000193,BRSDILCTF004,RIO BRAVO INVESTIMENTOS - DISTRIBUIDORA DE TITULOS E VALORES MOBILIARIOS LTDA,72600026000181
SHPH11,FUNDO DE INVESTIMENTO IMOBILIÁRIO SHOPPING PÁTIO HIGIENOPOLIS,03507519000159,BRSHPHCTF008,RIO BRAVO INVESTIMENTOS - DISTRIBUIDORA DE TITULOS E VALORES MOBILIARIOS LTDA,72600026000181
TGAR11,FUNDO DE INVESTIMENTO IMOBILIÁRIO TG ATIVO REAL,25032881000153,BRTGARCTF009,VORTX DISTRIBUIDORA DE TITULOS E VALORES MOBILIARIOS LTDA.,22610500000188
ONEF11,FUNDO DE INVESTIMENTO IMOBILIÁRIO THE ONE,12948291000123,BRONEFCTF003,RIO BRAVO INVESTIMENTOS - DISTRIBUIDORA DE TITULOS E VALORES MOBILIARIOS LTDA,72600026000181
TOUR11,FUNDO DE INVESTIMENTO IMOBILIÁRIO TOURMALET II,30578316000126,BRTOURCTF035,VORTX DISTRIBUIDORA DE TITULOS E VALORES MOBILIARIOS LTDA.,22610500000188
VERE11,FUNDO DE INVESTIMENTO IMOBILIARIO VEREDA - FII,08693497000182,BRVERECTF002,VORTX DISTRIBUIDORA DE TITULOS E VALORES MOBILIARIOS LTDA.,22610500000188
FVPQ11,FUNDO DE INVESTIMENTO IMOBILIÁRIO VIA PARQUE SHOPPING - FII,00332266000131,BRFVPQCTF015,RIO BRAVO INVESTIMENTOS - DISTRIBUIDORA DE TITULOS E VALORES MOBILIARIOS LTDA,72600026000181
FIVN11,FUNDO DE INVESTIMENTO IMOBILIÁRIO VIDA NOVA - FII,17854016000164,BRFIVNCTF009,OLIVEIRA TRUST DTVM S.A.,36113876000191
VTLT11,FUNDO DE INVESTIMENTO IMOBILIÁRIO VOTORANTIM LOGÍSTICA,27368600000163,BRVTLTCTF001,VOTORANTIM ASSET MANAGEMENT DTVM LTDA.,03384738000198
VSEC11,FUNDO DE INVESTIMENTO IMOBILIÁRIO VOTORANTIM SECURITIES,10347505000180,BRVSECCTF004,VOTORANTIM ASSET MANAGEMENT DTVM LTDA.,03384738000198
VSHO11,FUNDO DE INVESTIMENTO IMOBILIÁRIO VOTORANTIM SHOPPING,23740595000117,BRVSHOCTF002,VOTORANTIM ASSET MANAGEMENT DTVM LTDA.,03384738000198
IBFF11,FUNDO DE INVESTIMENTO IMOBILIARIO FOF INTEGRAL BREI,33721517000129,BRIBFFCTF007,BTG PACTUAL SERVIÇOS FINANCEIROS S/A DTVM,59281253000123
PLCR11,PLURAL RECEBÍVEIS IMOBILIÁRIOS FUNDO DE INVESTIMENTO IMOBILIÁRIO,32527683000126,BRPLCRCTF003,BANCO GENIAL S.A.,45246410000155
RELG11,FUNDO DE INVESTIMENTO IMOBILIÁRIO REC LOGÍSTICA,37112770000136,BRRELGCTF008,BRL TRUST DISTRIBUIDORA DE TITULOS E VALORES MOBILIARIOS S.A.,13486793000142
CVBI11,FUNDO DE INVESTIMENTO IMOBILIÁRIO - VBI CRI,28729197000113,BRCVBICTF001,BRL TRUST DISTRIBUIDORA DE TITULOS E VALORES MOBILIARIOS S.A.,13486793000142
MCCI11,FUNDO DE INVESTIMENTO IMOBILIÁRIO MAUÁ CAPITAL RECEBÍVEIS IMOBILIÁRIOS - FII,23648935000184,BRMCCICTF008,BTG PACTUAL SERVIÇOS FINANCEIROS S/A DTVM,59281253000123
ARRI11,FUNDO DE INVESTIMENTO IMOBILIÁRIO ÁTRIO REIT RECEBÍVEIS IMOBILIÁRIOS,32006821000121,-,OLIVEIRA TRUST DTVM S.A.,36113876000191
BTAL11,FUNDO DE INVESTIMENTO IMOBILIÁRIO BTG PACTUAL AGRO LOGÍSTICA,36642244000115,BRBTALR01M13,BTG PACTUAL SERVIÇOS FINANCEIROS S/A DTVM,59281253000123
HOSI11,FUNDO DE INVESTIMENTO IMOBILIÁRIO HOUSI,34081631000102,BRHOSICTF009,VORTX DISTRIBUIDORA DE TITULOS E VALORES MOBILIARIOS LTDA.,22610500000188
MGHT11,FUNDO DE INVESTIMENTO IMOBILIÁRIO - MOGNO HOTEIS,34197776000165,BRMGHTCTF005,BTG PACTUAL SERVIÇOS FINANCEIROS S/A DTVM,59281253000123
RECX11,FUNDO DE INVESTIMENTO IMOBILIÁRIO - REC FUNDO DE FUNDOS,36642356000176,BRRECXCTF002,BTG PACTUAL SERVIÇOS FINANCEIROS S/A DTVM,59281253000123
PVBI11,FUNDO DE INVESTIMENTO IMOBILIÁRIO - VBI PRIME PROPERTIES,35652102000176,BRPVBICTF003,BTG PACTUAL SERVIÇOS FINANCEIROS S/A DTVM,59281253000123
MGCR11,FUNDO DE INVESTIMENTO IMOBILIÁRIO MOGNO CERTIFICADOS DE RECEBÍVEIS IMOBILIÁRIOS HIGH GRADE,35652204000191,BRMGCRCTF000,BTG PACTUAL SERVIÇOS FINANCEIROS S/A DTVM,59281253000123
RFOF11,FUNDO DE INVESTIMENTO IMOBILIÁRIO RB CAPITAL I FUNDO DE FUNDOS,34027774000128,BRRFOFCTF001,BRL TRUST DISTRIBUIDORA DE TITULOS E VALORES MOBILIARIOS S.A.,13486793000142
TCIN11,FUNDO DE INVESTIMENTO IMOBILIARIO TOURMALET V - EDIFICIO CIDADE NOVA,34197700000130,BRTCINCTF018,SINGULARE CORRETORA DE TITULOS E VALORES MOBILIARIOS S.A.,62285390000140
HBRH11,FUNDO DE INVESTIMENTO IMOBILIÁRIO MULTI RENDA URBANA,30871698000181,BRHBRHCTF000,BRL TRUST DISTRIBUIDORA DE TITULOS E VALORES MOBILIARIOS S.A.,13486793000142
IRDM11,FUNDO DE INVESTIMENTO IMOBILIARIO IRIDIUM RECEBIVEIS IMOBILIARIOS,28830325000110,BRIRDMCTF004,BTG PACTUAL SERVIÇOS FINANCEIROS S/A DTVM,59281253000123
KFOF11,FUNDO DE FUNDOS DE INVESTIMENTO IMOBILIÁRIO KINEA FII,30091444000140,BRKFOFCTF006,INTRAG DTVM LTDA.,62418140000131
OURE11,FUNDO DE INVESTIMENTO IMOBILIÁRIO OURINVEST RENDA ESTRUTURADA,28516650000103,BROURECTF003,BANCO OURINVEST S.A.,78632767000120
FATN11,FUNDO DE INVESTIMENTO IMOBILIÁRIO ATHENA I,30567216000102,BRFATNCTF000,BR-CAPITAL DTVM S.A.,44077014000189
BRLA11,FUNDO DE INVESTIMENTO IMOBILIÁRIO - BRL PROP II,35652278000128,BRBRLACTF007,BTG PACTUAL SERVIÇOS FINANCEIROS S/A DTVM,59281253000123
MINT11,FUNDO DE INVESTIMENTO IMOBILIÁRIO MINT EDUCACIONAL,19872887000136,BRMINTCTF009,BANCO GENIAL S.A.,45246410000155
RZTR11,FUNDO DE INVESTIMENTO IMOBILIÁRIO RIZA TERRAX,36501128000186,,BANCO GENIAL S.A.,45246410000155
GCFF11,GALAPAGOS FUNDO DE FUNDOS - FII FUNDO DE INVESTIMENTO IMOBILIÁRIO,35652154000142,BRGCFFCTF009,BTG PACTUAL SERVIÇOS FINANCEIROS S/A DTVM,59281253000123
GSFI11,GENERAL SHOPPING E OUTLETS DO BRASIL FUNDO DE INVESTIMENTO IMOBILIÁRIO - FII,11769604000113,0,PLANNER TRUSTEE DISTRIBUIDORA DE TITULOS E VALORES MOBILIARIOS LTDA.,67030395000146
FIGS11,GENERAL SHOPPING ATIVO E RENDA FUNDO DE INVESTIMENTO IMOBILIÁRIO,17590518000125,BRFIGSCTF009,HEDGE INVESTMENTS DISTRIBUIDORA DE TÍTULOS E VALORES MOBILIÁRIOS LTDA.,07253654000176
GGRC11,GGR COVEPI RENDA FUNDO DE INVESTIMENTO IMOBILIÁRIO,26614291000100,BRGGRCCTF002,CM CAPITAL MARKETS DTVM LTDA,02671743000119
GRLV11,GR LOUVEIRA FUNDO DE INVESTIMENTO IMOBILIÁRIO,17143998000186,BRGRLVCTF002,HEDGE INVESTMENTS DISTRIBUIDORA DE TÍTULOS E VALORES MOBILIÁRIOS LTDA.,07253654000176
RCFA11,GRUPO RCFA FUNDO DE INVESTIMENTO IMOBILIARIO,27771586000144,BRRCFACTF007,TERRA INVESTIMENTOS DISTRIBUIDORA DE TITULOS E VALORES MOBILIARIOS LTDA,03751794000113
GALG11,Fundo de Investimento Imobiliário Guardian Logística,37295919000160,BRGALGCTF009,BRL TRUST DISTRIBUIDORA DE TITULOS E VALORES MOBILIARIOS S.A.,13486793000142
HABT11,HABITAT RECEBÍVEIS PULVERIZADOS FUNDO DE INVESTIMENTO IMOBILIÁRIO,30578417000105,BRHABTCTF001,VORTX DISTRIBUIDORA DE TITULOS E VALORES MOBILIARIOS LTDA.,22610500000188
ATCR11,HAZ FUNDO DE INVESTIMENTO IMOBILIÁRIO,14631148000139,BRATCCTF008,RJI CORRETORA DE TÍTULOS E VALORES MOBILIÁRIOS LTDA,42066258000130
HCTR11,HECTARE CE - FUNDO DE INVESTIMENTO IMOBILIÁRIO,30248180000196,BRHCTRCTF003,VORTX DISTRIBUIDORA DE TITULOS E VALORES MOBILIARIOS LTDA.,22610500000188
HCST11,HECTARE DESENVOLVIMENTO STUDENT HOUSING - FUNDO DE INVESTIMENTO IMOBILIÁRIO,31152015000107,BRHCSTCTF001,VORTX DISTRIBUIDORA DE TITULOS E VALORES MOBILIARIOS LTDA.,22610500000188
ATSA11,HEDGE ATRIUM SHOPPING SANTO ANDRÉ FUNDO DE INVESTIMENTO IMOBILIÁRIO,12809972000100,BRATSACTF000,HEDGE INVESTMENTS DISTRIBUIDORA DE TÍTULOS E VALORES MOBILIÁRIOS LTDA.,07253654000176
HGBS11,HEDGE BRASIL SHOPPING FUNDO DE INVESTIMENTO IMOBILIÁRIO,08431747000106,BRHGBSCTF000,HEDGE INVESTMENTS DISTRIBUIDORA DE TÍTULOS E VALORES MOBILIÁRIOS LTDA.,07253654000176
HLOG11,HEDGE LOGÍSTICA FUNDO DE INVESTIMENTO IMOBILIÁRIO,27486542000172,BRHLOGCTF008,HEDGE INVESTMENTS DISTRIBUIDORA DE TÍTULOS E VALORES MOBILIÁRIOS LTDA.,07253654000176
HRDF11,HEDGE REALTY DEVELOPMENT FUNDO DE INVESTIMENTO IMOBILIÁRIO,16929519000199,BRHRDFCTF000,HEDGE INVESTMENTS DISTRIBUIDORA DE TÍTULOS E VALORES MOBILIÁRIOS LTDA.,07253654000176
HPDP11,HEDGE SHOPPING PARQUE DOM PEDRO FUNDO DE INVESTIMENTO IMOBILIÁRIO,35586415000173,BRHPDPCTF003,HEDGE INVESTMENTS DISTRIBUIDORA DE TÍTULOS E VALORES MOBILIÁRIOS LTDA.,07253654000176
HMOC11,HEDGE SHOPPING PRAÇA DA MOÇA FUNDO DE INVESTIMENTO IMOBILIÁRIO,14733211000148,BRHMOCCTF005,HEDGE INVESTMENTS DISTRIBUIDORA DE TÍTULOS E VALORES MOBILIÁRIOS LTDA.,07253654000176
HFOF11,HEDGE TOP FOFII 3 FUNDO DE INVESTIMENTO IMOBILIÁRIO,18307582000119,BRHFOFCTF002,HEDGE INVESTMENTS DISTRIBUIDORA DE TÍTULOS E VALORES MOBILIÁRIOS LTDA.,07253654000176
HSAF11,HSI ATIVOS FINANCEIROS - FUNDO DE INVESTIMENTO IMOBILIÁRIO,35360687000150,BRHSAFCTF004,BRL TRUST DISTRIBUIDORA DE TITULOS E VALORES MOBILIARIOS S.A.,13486793000142
HSLG11,HSI LOGÍSTICA FUNDO DE INVESTIMENTO IMOBILIÁRIO,32903621000171,BRHSLGCTF009,BRL TRUST DISTRIBUIDORA DE TITULOS E VALORES MOBILIARIOS S.A.,13486793000142
HSML11,HSI MALLS FUNDO DE INVESTIMENTO IMOBILIÁRIO,32892018000131,BRHSMLCTF007,SANTANDER CACEIS BRASIL DISTRIBUIDORA DE TITULOS E VALORES MOBILIARIOS S.A,62318407000119
HSRE11,HSI RENDA IMOBILIÁRIA FUNDO DE INVESTIMENTO IMOBILIÁRIO,08098114000128,BRPRGDCTF001,BRL TRUST DISTRIBUIDORA DE TITULOS E VALORES MOBILIARIOS S.A.,13486793000142
HUSI11,HUSI FUNDO DE INVESTIMENTO IMOBILIÁRIO,30017492000199,0,PLANNER TRUSTEE DISTRIBUIDORA DE TITULOS E VALORES MOBILIARIOS LTDA.,67030395000146
IFID11,IFI-D FUNDO DE INVESTIMENTO IMOBILIARIO - FII,36312772000106,BRIFIDCTF007,INTER DISTRIBUIDORA DE TÍTULOS E VALORES MOBILIÁRIOS,18945670000146
IFIE11,IFI-E FUNDO DE INVESTIMENTO IMOBILIARIO - FII,36293425000183,BRIFIECTF005,INTER DISTRIBUIDORA DE TÍTULOS E VALORES MOBILIÁRIOS,18945670000146
BICR11,INTER TITULOS IMOBILIARIOS FUNDO DE INVESTIMENTO IMOBILIARIO,34007109000172,BRBICRCTF009,INTER DISTRIBUIDORA DE TÍTULOS E VALORES MOBILIÁRIOS,18945670000146
RBBV11,JHSF RIO BRAVO FAZENDA BOA VISTA CAPITAL PROTEGIDO FUNDO DE INVESTIMENTO IMOBILIARIO - FII,16915868000151,BRRBBVCTF004,CAIXA ECONOMICA FEDERAL,00360305000104
JPPA11,JPP ALLOCATON MOGNO FUNDO DE INVESTIMENTO IMOBILIÁRIO,30982880000100,BRJPPACTF005,VORTX DISTRIBUIDORA DE TITULOS E VALORES MOBILIARIOS LTDA.,22610500000188
JPPC11,JPP CAPITAL FUNDO DE INVESTIMENTO IMOBILIÁRIO - FII,17216625000198,BRJPPCCTF001,BANCO FINAXIS S.A.,11758741000152
JSRE11,JS REAL ESTATE MULTIGESTÃO - FII,13371132000171,BRJSRECTF007,BANCO J. SAFRA S.A.,03017677000120
JTPR11,JT PREV FUNDO DE INVESTIMENTO IMOBILIÁRIO D. HAB,23876086000116,BRJTPRCTF001,PLANNER CORRETORA DE VALORES SA,00806535000154
KISU11,KILIMA FUNDO DE INVESTIMENTO EM COTAS DE FUNDOS IMOBILIÁRIOS SUNO 30,36669660000107,BRKISUCTF000,BRL TRUST DISTRIBUIDORA DE TITULOS E VALORES MOBILIARIOS S.A.,13486793000142
KNHY11,KINEA HIGH YIELD CRI FUNDO DE INVESTIMENTO IMOBILIÁRIO - FII,30130708000128,BRKNHYCTF005,INTRAG DTVM LTDA.,62418140000131
KNRE11,KINEA II REAL ESTATE EQUITY FII,14423780000197,BRKNRECTF006,INTRAG DTVM LTDA.,62418140000131
KNIP11,KINEA ÍNDICES DE PREÇOS FUNDO DE INVESTIMENTO IMOBILIÁRIO - FII,24960430000113,BRKNIPCTF001,INTRAG DTVM LTDA.,62418140000131
KNRI11,KINEA RENDA IMOBILIÁRIA FUNDO DE INVESTIMENTO IMOBILIÁRIO - FII,12005956000165,BRKNRICTF007,INTRAG DTVM LTDA.,62418140000131
KNCR11,KINEA RENDIMENTOS IMOBILIARIOS FUNDO DE INVESTIMENTO IMOBILIARIO - FII,16706958000132,BRKNCRCTF000,INTRAG DTVM LTDA.,62418140000131
KNSC11,KINEA SECURITIES FUNDO DE INVESTIMENTO IMOBILIÁRIO - FII,35864448000138,BRKNSCCTF008,INTRAG DTVM LTDA.,62418140000131
LASC11,LEGATUS SHOPPINGS FUNDO DE INVESTIMENTO IMOBILIÁRIO - FII,30248158000146,BRLASCCTF003,VORTX DISTRIBUIDORA DE TITULOS E VALORES MOBILIARIOS LTDA.,22610500000188
LFTT11,LOFT II FUNDO DE INVESTIMENTO IMOBILIÁRIO,24796967000190,************,MODAL D.T.V.M. LTDA,05389174000101
LGCP11,LOGCP INTER FUNDO DE INVESTIMENTO IMOBILIARIO,34598181000111,BRLGCPCTF006,INTER DISTRIBUIDORA DE TÍTULOS E VALORES MOBILIÁRIOS,18945670000146
LUGG11,LUGGO FUNDO DE INVESTIMENTO IMOBILIÁRIO - FII,34835191000123,BRLUGGCTF007,INTER DISTRIBUIDORA DE TÍTULOS E VALORES MOBILIÁRIOS,18945670000146
DMAC11,MAC FUNDO DE INVESTIMENTO IMOBILIÁRIO,30579348000146,BRDMACCTF003,OLIVEIRA TRUST DTVM S.A.,36113876000191
MALL11,MALLS BRASIL PLURAL FUNDO DE INVESTIMENTO IMOBILIÁRIO,26499833000132,BRMALLCTF007,GENIAL INVESTIMENTOS CORRETORA DE VALORES MOBILIÁRIOS S.A.,27652684000162
MXRF11,MAXI RENDA FUNDO DE INVESTIMENTO IMOBILIARIO - FII,97521225000125,BRMXRFCTF008,BTG PACTUAL SERVIÇOS FINANCEIROS S/A DTVM,59281253000123
MFII11,MERITO DESENVOLVIMENTO IMOBILIARIO I FII - FUNDO DE INVESTIMENTO IMOBILIARIO,16915968000188,BRMFIICTF008,PLANNER CORRETORA DE VALORES SA,00806535000154
MFAI11,Mérito Fundos e Ações Imobiliárias FII - Fundo de Investimento Imobiliário,32397369000176,BRMFAICTF005,PLANNER TRUSTEE DISTRIBUIDORA DE TITULOS E VALORES MOBILIARIOS LTDA.,67030395000146
MORE11,MORE REAL ESTATE FOF FII FUNDO DE INVESTIMENTO IMOBILIÁRIO,34197727000122,BRMORECTF000,BTG PACTUAL SERVIÇOS FINANCEIROS S/A DTVM,59281253000123
PRTS11,MULTI PROPERTIES FUNDO DE INVESTIMENTO IMOBILIÁRIO - FII,22957521000174,BRPRTSCTF002,BANCO MODAL S.A.,30723886000162
SHOP11,MULTI SHOPPINGS FUNDO DE INVESTIMENTO IMOBILIARIO - FII,22459737000100,BRSHOPCTF004,BTG PACTUAL SERVIÇOS FINANCEIROS S/A DTVM,59281253000123
NEWL11,NEWPORT LOGÍSTICA FUNDO DE INVESTIMENTO IMOBILIÁRIO,32527626000147,BRNEWLCTF004,BANCO GENIAL S.A.,45246410000155
NEWU11,NEWPORT RENDA URBANA FUNDO DE INVESTIMENTO IMOBILIÁRIO - FII,14793782000178,BRNEWUCTF005,BANCO GENIAL S.A.,45246410000155
OUJP11,OURINVEST JPP FUNDO DE INVESTIMENTO IMOBILIÁRIO- FII,26091656000150,BROUJPCTF006,FINAXIS CORRETORA DE TÍTULOS E VALORES MOBILIÁRIOS S.A.,03317692000194
ORPD11,OURO VERDE DESENVOLVIMENTO IMOBILIÁRIO I FUNDO DE INVESTIMENTO IMOBILIÁRIO - FII,19107604000160,BRORPDCTF005,PLANNER TRUSTEE DISTRIBUIDORA DE TITULOS E VALORES MOBILIARIOS LTDA.,67030395000146
PQAG11,PARQUE ANHANGUERA FUNDO DE INVESTIMENTO IMOBILIÁRIO,12978943000172,BRPQAGCTF009,HEDGE INVESTMENTS DISTRIBUIDORA DE TÍTULOS E VALORES MOBILIÁRIOS LTDA.,07253654000176
PATC11,PÁTRIA EDIFÍCIOS CORPORATIVOS FUNDO DE INVESTIMENTO IMOBILIÁRIO - FII,30048651000112,BRPATCCTF002,MODAL D.T.V.M. LTDA,05389174000101
PATL11,PÁTRIA LOGÍSTICA FUNDO DE INVESTIMENTO IMOBILIÁRIO,35754164000199,BRPATLCTF003,VORTX DISTRIBUIDORA DE TITULOS E VALORES MOBILIARIOS LTDA.,22610500000188
PLRI11,POLO FII - FII RECEBÍVEIS IMOBILIÁRIOS I,14080689000116,BRPLRICTF000,OLIVEIRA TRUST DTVM S.A.,36113876000191
PORD11,POLO FUNDO DE INVESTIMENTO IMOBILIARIO - RECEBIVEIS IMOBILIARIOS II - FII,17156502000109,BRPORDCTF005,OLIVEIRA TRUST DTVM S.A.,36113876000191
PRSV11,PRESIDENTE VARGAS FUNDO DE INVESTIMENTO IMOBILIÁRIO,11281322000172,BRPRSVCTF008,HEDGE INVESTMENTS DISTRIBUIDORA DE TÍTULOS E VALORES MOBILIÁRIOS LTDA.,07253654000176
PBLV11,PROLOGIS BRAZIL LOGISTICS VENTURE FUNDO DE INVESTIMENTO IMOBILIÁRIO,31962875000106,BRPBLVCTF007,BRL TRUST DISTRIBUIDORA DE TITULOS E VALORES MOBILIARIOS S.A.,13486793000142
QAGR11,QUASAR AGRO - FUNDO DE INVESTIMENTO IMOBILIARIO,32754734000152,BRQAGRCTF005,BTG PACTUAL SERVIÇOS FINANCEIROS S/A DTVM,59281253000123
QIFF11,QUATÁ IMOB FUNDO DE FUNDOS - FUNDO DE INVESTIMENTO IMOBILIÁRIO.,34736432000187,BRQMFFCTF007,BRL TRUST DISTRIBUIDORA DE TITULOS E VALORES MOBILIARIOS S.A.,13486793000142
RSPD11,RB CAPITAL DESENVOLVIMENTO RESIDENCIAL III FUNDO DE INVESTIMENTO IMOBILIÁRIO - FII,19249989000108,BRRSPDCTF006,OLIVEIRA TRUST DTVM S.A.,36113876000191
RBDS11,RB CAPITAL DESENVOLVIMENTO RESIDENCIAL II FUNDO DE INVESTIMENTO IMOBILIARIO - FII,11945604000127,BRRBDSCTF006,OLIVEIRA TRUST DTVM S.A.,36113876000191
RBIR11,RB CAPITAL DESENVOLVIMENTO RESIDENCIAL IV FUNDO DE INVESTIMENTO IMOBILIÁRIO - FII,31161410000148,BRRBIRCTF007,OLIVEIRA TRUST DTVM S.A.,36113876000191
RBGS11,RB CAPITAL GENERAL SHOPPING SULACAP FII,13652006000195,BRRBGSCTF009,OLIVEIRA TRUST DTVM S.A.,36113876000191
RBCO11,RB CAPITAL OFFICE INCOME FUNDO DE INVESTIMENTO IMOBILIÁRIO,31894369000119,BRRBCOCTF007,BRL TRUST DISTRIBUIDORA DE TITULOS E VALORES MOBILIARIOS S.A.,13486793000142
RRCI11,RB CAPITAL RECEBÍVEIS IMOBILIÁRIOS FUNDO DE INVESTIMENTO IMOBILIÁRIO - FII,35689733000160,BRRRCICTF005,BRL TRUST DISTRIBUIDORA DE TITULOS E VALORES MOBILIARIOS S.A.,13486793000142
RBRD11,RB CAPITAL RENDA II FUNDO DE INVESTIMENTO IMOBILIÁRIO - FII,09006914000134,BRRBRDCTF008,VOTORANTIM ASSET MANAGEMENT DTVM LTDA.,03384738000198
RBTS11,RB CAPITAL TFO SITUS FUNDO DE INVESTIMENTO IMOBILIÁRIO - FII,29299737000139,BRRBTSCF002,OLIVEIRA TRUST DTVM S.A.,36113876000191
RBRF11,RBR ALPHA MULTIESTRATÉGIA REAL ESTATE FUNDO DE INVESTIMENTO IMOBILIÁRIO,27529279000151,BRRBRFCTF003,BTG PACTUAL SERVIÇOS FINANCEIROS S/A DTVM,59281253000123
RCFF11,RBR DESENVOLVIMENTO COMERCIAL FEEDER FOF FUNDO DE INVESTIMENTO IMOBILIÁRIO,35689670000141,BRRCFFR01M17,BRL TRUST DISTRIBUIDORA DE TITULOS E VALORES MOBILIARIOS S.A.,13486793000142
RBRL11,RBR LOG FUNDO DE INVESTIMENTO IMOBILIÁRIO,35705463000133,BRRBRLCTF001,BRL TRUST DISTRIBUIDORA DE TITULOS E VALORES MOBILIARIOS S.A.,13486793000142
RMAI11,REAG MULTI ATIVOS IMOBILIÁRIOS - FUNDO DE INVESTIMENTO IMOBILIÁRIO,17374696000119,BRRMAICTF000,REAG DISTRIBUIDORA DE TÍTULOS E VALORES MOBILIÁRIOS S.A.,34829992000186
RBIV11,RIO BRAVO CRÉDITO IMOBILIÁRIO IV FUNDO DE INVESTIMENTO IMOBILIÁRIO - FII,30647758000187,BRRBIVCTF009,BRL TRUST DISTRIBUIDORA DE TITULOS E VALORES MOBILIARIOS S.A.,13486793000142
RBVO11,RIO BRAVO CRÉDITO IMOBILIÁRIO II FUNDO DE INVESTIMENTO IMOBILIÁRIO - FII,15769670000144,BRRBVOCTF007,RIO BRAVO INVESTIMENTOS - DISTRIBUIDORA DE TITULOS E VALORES MOBILIARIOS LTDA,72600026000181
RBFF11,RIO BRAVO FUNDO DE FUNDOS DE INVESTIMENTO IMOBILIÁRIO,17329029000114,BRRBFFCTF008,BRL TRUST DISTRIBUIDORA DE TITULOS E VALORES MOBILIARIOS S.A.,13486793000142
RBRS11,Rio Bravo Renda Residencial Fundo de Investimento Imobiliario,36517660000191,BRRBRSCTF006,RIO BRAVO INVESTIMENTOS - DISTRIBUIDORA DE TITULOS E VALORES MOBILIARIOS LTDA,72600026000181
RZAK11,RIZA AKIN FUNDO DE INVESTIMENTO IMOBILIÁRIO - FII,36642219000131,BRRZAKCTF008,BTG PACTUAL SERVIÇOS FINANCEIROS S/A DTVM,59281253000123
ARCT11,RIZA ARCTIUM REAL ESTATE FUNDO DE INVESTIMENTO IMOBILIÁRIO,28267696000136,BRARCTCTF008,BTG PACTUAL SERVIÇOS FINANCEIROS S/A DTVM,59281253000123
SADI11,SANTANDER PAPÉIS IMOBILIÁRIOS CDI FUNDO DE INVESTIMENTO IMOBILIÁRIO,32903521000145,,SANTANDER CACEIS BRASIL DISTRIBUIDORA DE TITULOS E VALORES MOBILIARIOS S.A,62318407000119
SARE11,SANTANDER RENDA DE ALUGUÉIS FUNDO DE INVESTIMENTO IMOBILIÁRIO- FII,32903702000171,BRSARECTF006,SANTANDER CACEIS BRASIL DISTRIBUIDORA DE TITULOS E VALORES MOBILIARIOS S.A,62318407000119
FISD11,SÃO DOMINGOS - FUNDO DE INVESTIMENTO IMOBILIÁRIO - FII,16543270000189,BRFISDCTF006,RJI CORRETORA DE TÍTULOS E VALORES MOBILIÁRIOS LTDA,42066258000130
SEQR11,SEQUÓIA III RENDA IMOBILIÁRIA FUNDO DE INVESTIMENTO IMOBILIÁRIO,09517273000182,BRSEQRCTF002,VORTX DISTRIBUIDORA DE TITULOS E VALORES MOBILIARIOS LTDA.,22610500000188
WPLZ11,SHOPPING WEST PLAZA FUNDO DE INVESTIMENTO IMOBILIARIO,09326861000139,BRWPLZCTF004,HEDGE INVESTMENTS DISTRIBUIDORA DE TÍTULOS E VALORES MOBILIÁRIOS LTDA.,07253654000176
SJAU11,SJ AU LOGÍSTICA FUNDO DE INVESTIMENTO IMOBILIÁRIO,27771547000147,BRSJAUR01M15,VORTX DISTRIBUIDORA DE TITULOS E VALORES MOBILIARIOS LTDA.,22610500000188
REIT11,SOCOPA FUNDO DE INVESTIMENTO IMOBILIÁRIO,16841067000199,BRREITCTF007,SINGULARE CORRETORA DE TITULOS E VALORES MOBILIARIOS S.A.,62285390000140
SOLR11,SOLARIUM FII - FUNDO DE INVESTIMENTO IMOBILIÁRIO,22169671000113,BRSOLRCTF002,BRL TRUST DISTRIBUIDORA DE TITULOS E VALORES MOBILIARIOS S.A.,13486793000142
SPTW11,SP DOWNTOWN FUNDO DE INVESTIMENTO IMOBILIÁRIO - FII,15538445000105,BRSPTWCTF002,GENIAL INVESTIMENTOS CORRETORA DE VALORES MOBILIÁRIOS S.A.,27652684000162
SPAF11,SPA FUNDO DE INVESTIMENTO IMOBILIÁRIO,18311024000127,BRSPAFCTF007,BANCO GENIAL S.A.,45246410000155
STRX11,STARX FUNDO DE INVESTIMENTO IMOBILIÁRIO - FII,11044355000107,BRSTRXCTF006,OLIVEIRA TRUST DTVM S.A.,36113876000191
TEPP11,TELLUS PROPERTIES FUNDO DE INVESTIMENTO IMOBILIÁRIO,26681370000125,BRTEPPCTF006,BRL TRUST DISTRIBUIDORA DE TITULOS E VALORES MOBILIARIOS S.A.,13486793000142
TORD11,TORDESILHAS EI FUNDO DE INVESTIMENTO IMOBILIÁRIO,30230870000118,BRTORDCTF015,VORTX DISTRIBUIDORA DE TITULOS E VALORES MOBILIARIOS LTDA.,22610500000188
TSNC11,TRANSINC FUNDO DE INVESTIMENTO IMOBILIÁRIO - FII,17007443000107,BRTSNCCTF009,BTG PACTUAL SERVIÇOS FINANCEIROS S/A DTVM,59281253000123
TCPF11,TREECORP REAL ESTATE FII - I,26990011000150,BRTCPFCTF001,BR-CAPITAL DTVM S.A.,44077014000189
XTED11,TRX EDIFICIOS CORPORATIVOS FUNDO DE INVESTIMENTO IMOBILIARIO - FII,15006267000163,BRXTEDCTF006,BTG PACTUAL SERVIÇOS FINANCEIROS S/A DTVM,59281253000123
TRXF11,TRX REAL ESTATE FUNDO DE INVESTIMENTO IMOBILIÁRIO - FII,28548288000152,BRTRXFCTF003,BRL TRUST DISTRIBUIDORA DE TITULOS E VALORES MOBILIARIOS S.A.,13486793000142
TRXB11,TRX REAL ESTATE II FUNDO DE INVESTIMENTO IMOBILIÁRIO - FII,36368925000137,BRTRXBCTF002,BRL TRUST DISTRIBUIDORA DE TITULOS E VALORES MOBILIARIOS S.A.,13486793000142
URPR11,URCA PRIME RENDA FUNDO DE INVESTIMENTO IMOBILIÁRIO - FII,34508872000187,BRURPRCTF002,VORTX DISTRIBUIDORA DE TITULOS E VALORES MOBILIARIOS LTDA.,22610500000188
VGIP11,VALORA CRI ÍNDICE DE PREÇO FUNDO DE INVESTIMENTO IMOBILIÁRIO - FII,34197811000146,BRVGIPCTF002,BTG PACTUAL SERVIÇOS FINANCEIROS S/A DTVM,59281253000123
VGIR11,VALORA RE III FUNDO DE INVESTIMENTO IMOBILIARIO - FII,29852732000191,BRVGIRCTF008,BTG PACTUAL SERVIÇOS FINANCEIROS S/A DTVM,59281253000123
RVBI11,VBI REITS FOF - FUNDO DE INVESTIMENTO IMOBILIÁRIO,35507457000171,BRRVBICTF009,BRL TRUST DISTRIBUIDORA DE TITULOS E VALORES MOBILIARIOS S.A.,13486793000142
VCJR11,VECTIS JUROS REAL FUNDO DE INVESTIMENTO IMOBILIÁRIO - FII,32400250000105,BRVCJRCTF005,INTRAG DTVM LTDA.,62418140000131
VLJS11,VECTOR QUELUZ LAJES CORPORATIVAS FUNDO DE INVESTIMENTO IMOBILIARIO,13842683000176,BRVLJSCTF004,PLANNER CORRETORA DE VALORES SA,00806535000154
VIFI11,VINCI INSTRUMENTOS FINANCEIROS FUNDO DE INVESTIMENTO IMOBILIÁRIO - FII,31547855000160,BRVIFICTF009,BRL TRUST DISTRIBUIDORA DE TITULOS E VALORES MOBILIARIOS S.A.,13486793000142
VILG11,VINCI LOGÍSTICA FUNDO DE INVESTIMENTO IMOBILIÁRIO - FII,24853044000122,BRVILGCTF001,BRL TRUST DISTRIBUIDORA DE TITULOS E VALORES MOBILIARIOS S.A.,13486793000142
VINO11,VINCI OFFICES FUNDO DE INVESTIMENTO IMOBILIÁRIO,12516185000170,BRVINOCTF001,BRL TRUST DISTRIBUIDORA DE TITULOS E VALORES MOBILIARIOS S.A.,13486793000142
VISC11,VINCI SHOPPING CENTERS FUNDO DE INVESTIMENTO IMOBILIÁRIO - FII,17554274000125,BRVISCCTF005,BRL TRUST DISTRIBUIDORA DE TITULOS E VALORES MOBILIARIOS S.A.,13486793000142
VOTS11,Votorantim Securities Master Fundo de Investimento Imobiliário - FII,17870926000130,BRVOTSCTF007,VOTORANTIM ASSET MANAGEMENT DTVM LTDA.,03384738000198
XPCM11,XP CORPORATE MACAÉ FUNDO DE INVESTIMENTO IMOBILIÁRIO - FII,16802320000103,BRXPCMCTF009,RIO BRAVO INVESTIMENTOS - DISTRIBUIDORA DE TITULOS E VALORES MOBILIARIOS LTDA,72600026000181
XPCI11,XP CRÉDITO IMOBILIÁRIO - FUNDO DE INVESTIMENTO IMOBILIÁRIO,28516301000191,BRXPCICTF007,VORTX DISTRIBUIDORA DE TITULOS E VALORES MOBILIARIOS LTDA.,22610500000188
XPHT11,XP HOTÉIS - FUNDO DE INVESTIMENTO IMOBILIÁRIO - FII,18308516000163,XPTH12,GENIAL INVESTIMENTOS CORRETORA DE VALORES MOBILIÁRIOS S.A.,27652684000162
XPIN11,XP Industrial Fundo de Investimento Imobiliário,28516325000140,BRXPINCTF004,VORTX DISTRIBUIDORA DE TITULOS E VALORES MOBILIARIOS LTDA.,22610500000188
XPLG11,XP Log Fundo de Investimento Imobiliário - FII,26502794000185,,VORTX DISTRIBUIDORA DE TITULOS E VALORES MOBILIARIOS LTDA.,22610500000188
XPML11,XP MALLS FUNDO DE INVESTIMENTO IMOBILIÁRIO FII,28757546000100,BRXPMLCTF000,BTG PACTUAL SERVIÇOS FINANCEIROS S/A DTVM,59281253000123
XPPR11,XP PROPERTIES FUNDO DE INVESTIMENTO IMOBILIÁRIO - FII,30654849000140,BRXPPRCTF000,VORTX DISTRIBUIDORA DE TITULOS E VALORES MOBILIARIOS LTDA.,22610500000188
XPSF11,XP SELECTION FUNDO DE FUNDOS DE INVESTIMENTO IMOBILIÁRIO - FII,30983020000190,BRXPSFCTF009,XP INVESTIMENTOS CCTVM S.A.,02332886000104
