AFCR11,Híbrido,Ativa,"102,65","6,01","118,4","88,55",232167,137711000,"0,0",123207000,0,0,"0,0","0,0","0,0","0,0","15,0",Div Yield muito baixo | P/VPC horrivel | Liquidez: muito baixa | Ativos: baixo | Vacancia: N/A
ALZR11,Híbrido,Ativa,"102,55","5,15","137,18","75,91",1974700,567058000,"0,0",641991000,10,10,"107,3","222,0","6402,0","95015,0","30,0",Div Yield muito baixo | P/VPC horrivel | Liquidez: ok | Ativos: ok | Vacancia: otima
AIEC11,Lajes Corporativas,Ativa,"100,13","2,81","96,63","88,87",552750,431836000,"0,0",504364000,2,2,"99,3","117,0","18659,0","22989,0","25,0",Div Yield muito baixo | P/VPC horrivel | Liquidez: muito baixa | Ativos: ok | Vacancia: otima
BCRI11,Títulos e Val. Mob.,Ativa,"107,4","8,59","116,48","75,0",1899560,495396000,"0,0",477945000,0,0,"0,0","0,0","0,0","0,0","55,0",Div Yield ok | P/VPC otimo | Liquidez: ok | Ativos: medio | Vacancia: N/A
BNFS11,Outros,Ativa,"103,77","11,61","125,81","94,66",64793,85477000,"0,0",74352200,18,18,"96,5","876,0","8017,0","10293,0","30,0",Div Yield otimo | P/VPC horrivel | Liquidez: muito baixa | Ativos: extremamente baixo | Vacancia: otima
BBFI11,Lajes Corporativas,Passiva,"2527,62","295,97","2495,68","1722,06",418695,286845000,"0,391",342265000,2,2,"94,2","485,0","3131,0","86312,0","36,09",Div Yield otimo | P/VPC horrivel | Liquidez: muito baixa | Ativos: medio | Vacancia: muito alta
BBFO11,Títulos e Val. Mob.,Passiva,"97,35","0,89","99,29","93,0",93826,387057000,"0,0",392261000,0,0,"0,0","0,0","0,0","0,0","40,0",Div Yield muito baixo | P/VPC otimo | Liquidez: muito baixa | Ativos: medio | Vacancia: N/A
BBPO11,Lajes Corporativas,Passiva,"100,71","12,87","152,41","109,68",3525520,1794950000,"0,0",1605040000,63,63,"93,2","434,0","4492,0","372421,0","55,0",Div Yield otimo | P/VPC horrivel | Liquidez: ok | Ativos: otimo | Vacancia: otima
BBRC11,Outros,Passiva,"112,58","11,6","153,55","98,74",232486,187302000,"0,0",179782000,20,20,"95,7","1332,0","11698,0","15319,0","55,0",Div Yield otimo | P/VPC otimo | Liquidez: muito baixa | Ativos: baixo | Vacancia: otima
RDPD11,Títulos e Val. Mob.,Ativa,"98,66","4,43","84,09","71,05",89677,90016500,"0,0",106991000,0,0,"0,0","0,0","0,0","0,0","15,0",Div Yield muito baixo | P/VPC horrivel | Liquidez: muito baixa | Ativos: baixo | Vacancia: N/A
RNDP11,Títulos e Val. Mob.,Ativa,"937,37","41,07","867,13","624,66",33314,84803600,"0,0",104162000,0,0,"0,0","0,0","0,0","0,0","15,0",Div Yield muito baixo | P/VPC horrivel | Liquidez: muito baixa | Ativos: baixo | Vacancia: N/A
BLCP11,Outros,Ativa,"103,14","4,13","104,18","90,73",20730,111731000,"0,0",145623000,2,2,"122,1","51,0","3086,0","44200,0","35,0",Div Yield muito baixo | P/VPC otimo | Liquidez: muito baixa | Ativos: baixo | Vacancia: otima
BLMG11,Outros,Ativa,"99,8","3,63","109,99","101,65",565176,208981000,"0,0",200942000,0,0,"0,0","0,0","0,0","0,0","15,0",Div Yield muito baixo | P/VPC horrivel | Liquidez: muito baixa | Ativos: baixo | Vacancia: N/A
BLMR11,Títulos e Val. Mob.,Ativa,"97,06","0,45","97,02","90,35",581768,237001000,"0,0",254741000,0,0,"0,0","0,0","0,0","0,0","35,0",Div Yield muito baixo | P/VPC otimo | Liquidez: muito baixa | Ativos: baixo | Vacancia: N/A
BCIA11,Títulos e Val. Mob.,Ativa,"115,48","5,84","166,82","92,49",666800,374507000,"0,0",436459000,0,0,"0,0","0,0","0,0","0,0","20,0",Div Yield muito baixo | P/VPC horrivel | Liquidez: muito baixa | Ativos: medio | Vacancia: N/A
BREV11,Híbrido,Ativa,"105,82","3,78","120,73","92,96",5047,98204700,"0,179",99654500,14,21,"97,3","767,0","16077,0","5944,0","28,21",Div Yield muito baixo | P/VPC otimo | Liquidez: muito baixa | Ativos: extremamente baixo | Vacancia: ok
CARE11,Híbrido,Ativa,"1,56","0,01","1,05","0,56",67555,100165000,"0,0",279195000,2,1,"30,0","0,0","42908,0","700,0","15,0",Div Yield muito baixo | P/VPC horrivel | Liquidez: muito baixa | Ativos: baixo | Vacancia: otima
BRCO11,Logística,Ativa,"108,44","5,96","124,85","88,08",2939590,1627290000,"0,042",1678840000,12,11,"95,8","239,0","3670,0","424608,0","54,58",Div Yield muito baixo | P/VPC otimo | Liquidez: ok | Ativos: otimo | Vacancia: otima
BRIM11,Residencial,Ativa,"990,66","0,0","910,0","910,0",0,112965000,"0,0",135820000,7,0,"52,6","0,0","4309,0","13776,0","25,0",Div Yield muito baixo | P/VPC ok | Liquidez: muito baixa | Ativos: baixo | Vacancia: N/A
BTLG11,Logística,Ativa,"101,15","4,71","118,53","69,57",6788040,1479580000,"0,0",1409350000,8,8,"43,4","116,0","3176,0","202105,0","40,0",Div Yield muito baixo | P/VPC horrivel | Liquidez: otima | Ativos: otimo | Vacancia: otima
CRFF11,Títulos e Val. Mob.,Ativa,"94,14","4,96","88,53","73,55",44628,56238300,"0,0",65395200,0,0,"0,0","0,0","0,0","0,0","20,0",Div Yield ok | P/VPC horrivel | Liquidez: muito baixa | Ativos: extremamente baixo | Vacancia: N/A
CXRI11,Títulos e Val. Mob.,Ativa,"95,99","16,61","181,38","96,1",80149,154109000,"0,0",154566000,0,0,"0,0","0,0","0,0","0,0","40,0",Div Yield perigosamente alto | P/VPC otimo | Liquidez: muito baixa | Ativos: baixo | Vacancia: N/A
CPFF11,Títulos e Val. Mob.,Ativa,"85,44","5,68","84,18","58,97",1662540,325849000,"0,0",347514000,0,0,"0,0","0,0","0,0","0,0","55,0",Div Yield ok | P/VPC otimo | Liquidez: ok | Ativos: medio | Vacancia: N/A
CPTS11,Títulos e Val. Mob.,Ativa,"94,52","7,16","100,44","86,76",7985510,1330720000,"0,0",1288610000,0,0,"0,0","0,0","0,0","0,0","70,0",Div Yield ok | P/VPC otimo | Liquidez: otima | Ativos: otimo | Vacancia: N/A
CBOP11,Lajes Corporativas,Passiva,"90,73","5,87","76,92","62,26",462788,105177000,"0,105",129219000,1,30,"98,8","629,0","6466,0","16078,0","23,95",Div Yield ok | P/VPC horrivel | Liquidez: muito baixa | Ativos: baixo | Vacancia: ok
HGFF11,Títulos e Val. Mob.,Ativa,"98,17","5,69","98,48","61,28",832815,261790000,"0,0",286330000,0,0,"0,0","0,0","0,0","0,0","35,0",Div Yield ok | P/VPC ok | Liquidez: muito baixa | Ativos: baixo | Vacancia: N/A
HGLG11,Logística,Ativa,"147,46","9,64","182,46","102,93",7477680,3263340000,"0,053",2793570000,18,65,"68,2","58,0","1112,0","2001097,0","39,47",Div Yield muito baixo | P/VPC horrivel | Liquidez: otima | Ativos: otimo | Vacancia: otima
HGPO11,Lajes Corporativas,Passiva,"243,27","11,26","230,43","159,35",284141,362934000,"0,0",403372000,2,31,"99,9","1471,0","24428,0","14843,0","30,0",Div Yield muito baixo | P/VPC ok | Liquidez: muito baixa | Ativos: medio | Vacancia: otima
HGRE11,Lajes Corporativas,Ativa,"169,18","7,44","154,61","111,5",3307740,1678830000,"0,22399999999999998",2158660000,22,159,"99,6","584,0","8238,0","202997,0","32,76",Div Yield muito baixo | P/VPC horrivel | Liquidez: ok | Ativos: otimo | Vacancia: ok
HGCR11,Títulos e Val. Mob.,Ativa,"105,62","6,69","105,4","81,94",2929170,1304060000,"0,0",1325540000,0,0,"0,0","0,0","0,0","0,0","65,0",Div Yield ok | P/VPC otimo | Liquidez: ok | Ativos: otimo | Vacancia: N/A
HGRU11,Híbrido,Ativa,"117,87","6,15","130,6","83,56",6648930,2293080000,"0,0",2217250000,81,81,"74,3","353,0","7155,0","238220,0","50,0",Div Yield muito baixo | P/VPC ok | Liquidez: otima | Ativos: otimo | Vacancia: otima
DEVA11,Títulos e Val. Mob.,Ativa,"100,52","5,61","123,92","87,34",7158750,668607000,"0,0",576293000,0,0,"0,0","0,0","0,0","0,0","35,0",Div Yield muito baixo | P/VPC horrivel | Liquidez: otima | Ativos: ok | Vacancia: N/A
DOVL11,Lajes Corporativas,Passiva,"938,94","30,33","931,32","931,32",1051,58000700,"0,624",58703000,2,17,"96,6","397,0","3356,0","16688,0","23,76",Div Yield muito baixo | P/VPC otimo | Liquidez: muito baixa | Ativos: extremamente baixo | Vacancia: muito alta
KINP11,Residencial,Ativa,"9,1","0,49","17,31","8,75",2263,98355600,"0,0",65141800,1,0,"93,6","0,0","0,0","0,0","10,0",Div Yield muito baixo | P/VPC horrivel | Liquidez: muito baixa | Ativos: extremamente baixo | Vacancia: N/A
FLCR11,Títulos e Val. Mob.,Ativa,"101,44","1,75","105,98","101,89",10159,51995000,"0,0",51206100,0,0,"0,0","0,0","0,0","0,0","30,0",Div Yield muito baixo | P/VPC otimo | Liquidez: muito baixa | Ativos: extremamente baixo | Vacancia: N/A
VRTA11,Títulos e Val. Mob.,Ativa,"100,81","7,27","115,91","83,3",2839000,1142100000,"0,0",1024650000,0,0,"0,0","0,0","0,0","0,0","45,0",Div Yield ok | P/VPC horrivel | Liquidez: ok | Ativos: otimo | Vacancia: N/A
BTCR11,Títulos e Val. Mob.,Ativa,"96,42","5,46","91,8","71,5",670869,426896000,"0,0",472536000,0,0,"0,0","0,0","0,0","0,0","40,0",Div Yield ok | P/VPC ok | Liquidez: muito baixa | Ativos: medio | Vacancia: N/A
ANCR11,Shoppings,Ativa,"3323,42","37,53","4000,0","2950,0",318,1393940000,"0,0",1557260000,3,3,"100,1","1270,0","13573,0","102767,0","40,0",Div Yield muito baixo | P/VPC ok | Liquidez: muito baixa | Ativos: otimo | Vacancia: otima
FAED11,Outros,Passiva,"213,84","15,5","219,91","134,55",131918,117697000,"0,0",138751000,3,3,"98,8","295,0","3098,0","37549,0","35,0",Div Yield otimo | P/VPC horrivel | Liquidez: muito baixa | Ativos: baixo | Vacancia: otima
BMLC11,Lajes Corporativas,Ativa,"106,83","6,94","96,4","91,11",97528,94349300,"0,011000000000000001",109029000,2,24,"98,6","1046,0","12797,0","7270,0","24,89",Div Yield ok | P/VPC horrivel | Liquidez: muito baixa | Ativos: baixo | Vacancia: otima
BPRP11,Logística,Passiva,"116,62","9,11","128,27","85,29",6823,170741000,"0,0",158588000,1,1,"99,9","548,0","7337,0","23257,0","35,0",Div Yield ok | P/VPC ok | Liquidez: muito baixa | Ativos: baixo | Vacancia: otima
BRCR11,Híbrido,Ativa,"107,61","5,4","93,48","74,59",7756730,2181670000,"0,466",3426230000,10,103,"78,4","310,0","3982,0","429495,0","45,34",Div Yield ok | P/VPC horrivel | Liquidez: otima | Ativos: otimo | Vacancia: muito alta
FEXC11,Títulos e Val. Mob.,Ativa,"95,73","7,31","101,41","63,89",315244,326556000,"0,0",335228000,0,0,"0,0","0,0","0,0","0,0","50,0",Div Yield ok | P/VPC otimo | Liquidez: muito baixa | Ativos: medio | Vacancia: N/A
BCFF11,Títulos e Val. Mob.,Ativa,"84,72","5,63","92,75","59,75",5029960,1821880000,"0,0",1761370000,0,0,"0,0","0,0","0,0","0,0","70,0",Div Yield ok | P/VPC otimo | Liquidez: otima | Ativos: otimo | Vacancia: N/A
FCFL11,Outros,Passiva,"101,42","6,51","118,12","96,87",399405,389089000,"0,0",355587000,1,5,"99,8","808,0","12537,0","30968,0","20,0",Div Yield muito baixo | P/VPC horrivel | Liquidez: muito baixa | Ativos: medio | Vacancia: otima
CNES11,Lajes Corporativas,Ativa,"91,86","2,94","76,19","46,01",49783,135695000,"0,537",272507000,1,21,"92,2","193,0","1941,0","64480,0","19,63",Div Yield ok | P/VPC horrivel | Liquidez: muito baixa | Ativos: baixo | Vacancia: muito alta
CEOC11,Lajes Corporativas,Passiva,"86,81","5,83","86,83","58,91",128460,128914000,"0,0",158837000,1,60,"88,2","971,0","9520,0","11942,0","35,0",Div Yield otimo | P/VPC horrivel | Liquidez: muito baixa | Ativos: baixo | Vacancia: otima
THRA11,Lajes Corporativas,Passiva,"114,38","6,55","140,47","102,38",174598,197360000,"0,37",170405000,1,11,"97,0","1149,0","18093,0","10586,0","11,3",Div Yield muito baixo | P/VPC horrivel | Liquidez: muito baixa | Ativos: baixo | Vacancia: muito alta
FAMB11,Lajes Corporativas,Passiva,"3490,64","210,52","3519,44","1160,02",104484,128956000,"0,0",371218000,1,12,"90,0","1028,0","2058,0","56429,0","25,0",Div Yield perigosamente alto | P/VPC horrivel | Liquidez: muito baixa | Ativos: medio | Vacancia: otima
EDGA11,Lajes Corporativas,Passiva,"78,79","1,71","36,39","26,5",100475,103955000,"0,456",302652000,1,23,"98,7","390,0","4129,0","24844,0","25,44",Div Yield ok | P/VPC horrivel | Liquidez: muito baixa | Ativos: medio | Vacancia: muito alta
ELDO11,Shoppings,Passiva,"1235,21","17,92","0,0","0,0",0,869375000,"0,011000000000000001",975511000,1,341,"99,4","722,0","11503,0","75085,0","24,89",Div Yield muito baixo | P/VPC horrivel | Liquidez: muito baixa | Ativos: ok | Vacancia: otima
FLRP11,Shoppings,Passiva,"1542,34","52,28","1421,16","1179,44",40767,85127800,"0,012",101547000,1,184,"92,5","61,0","1869,0","42134,0","14,88",Div Yield muito baixo | P/VPC horrivel | Liquidez: muito baixa | Ativos: baixo | Vacancia: otima
HCRI11,Hospital,Passiva,"302,97","33,45","520,76","303,19",46496,95976000,"0,0",61629600,1,1,"100,0","1243,0","17398,0","5518,0","20,0",Div Yield ok | P/VPC horrivel | Liquidez: muito baixa | Ativos: extremamente baixo | Vacancia: otima
NSLU11,Hospital,Passiva,"212,98","25,3","286,86","182,02",247722,312588000,"0,0",247995000,1,1,"99,0","1602,0","13158,0","23523,0","35,0",Div Yield otimo | P/VPC horrivel | Liquidez: muito baixa | Ativos: baixo | Vacancia: otima
HTMX11,Hotel,Ativa,"131,03","0,0","147,0","90,46",350977,126708000,"0,0",165261000,23,456,"98,9","1,0","53,0","2366649,0","15,0",Div Yield muito baixo | P/VPC horrivel | Liquidez: muito baixa | Ativos: baixo | Vacancia: otima
MAXR11,Outros,Ativa,"2235,16","146,99","2001,31","1446,36",86619,110492000,"0,0",134532000,11,12,"99,3","138,0","1808,0","60713,0","25,0",Div Yield ok | P/VPC horrivel | Liquidez: muito baixa | Ativos: baixo | Vacancia: otima
NCHB11,Títulos e Val. Mob.,Ativa,"91,86","7,91","103,55","79,8",885112,56531100,"0,0",53305900,0,0,"0,0","0,0","0,0","0,0","30,0",Div Yield ok | P/VPC ok | Liquidez: muito baixa | Ativos: extremamente baixo | Vacancia: N/A
NVHO11,Hospital,Ativa,"12,36","0,9","21,14","9,59",13322,643995000,"0,0",518073000,4,45,"99,6","1609,0","21119,0","30359,0","25,0",Div Yield muito baixo | P/VPC horrivel | Liquidez: muito baixa | Ativos: ok | Vacancia: otima
PQDP11,Shoppings,Passiva,"3602,9","74,22","3194,92","2364,27",219084,659389000,"0,033",866650000,1,473,"48,4","96,0","2508,0","127321,0","24,67",Div Yield muito baixo | P/VPC horrivel | Liquidez: muito baixa | Ativos: ok | Vacancia: otima
RBRM11,Híbrido,Ativa,"163668,45","58969,76","160000,0","160000,0",0,86240000,"0,0",95386900,0,0,"0,0","0,0","0,0","0,0","35,0",Div Yield perigosamente alto | P/VPC otimo | Liquidez: muito baixa | Ativos: extremamente baixo | Vacancia: N/A
RBRR11,Títulos e Val. Mob.,Ativa,"99,13","6,33","99,07","69,72",2072440,738641000,"0,0",775519000,0,0,"0,0","0,0","0,0","0,0","60,0",Div Yield ok | P/VPC otimo | Liquidez: ok | Ativos: ok | Vacancia: N/A
RECR11,Títulos e Val. Mob.,Ativa,"95,8","6,66","114,21","85,76",8045670,1526140000,"0,0",1376950000,0,0,"0,0","0,0","0,0","0,0","50,0",Div Yield ok | P/VPC horrivel | Liquidez: otima | Ativos: otimo | Vacancia: N/A
RECT11,Híbrido,Ativa,"95,98","8,75","95,05","68,91",2985090,606027000,"0,135",917846000,8,235,"124,8","970,0","8572,0","88248,0","58,65",Div Yield otimo | P/VPC ok | Liquidez: ok | Ativos: ok | Vacancia: ok
JRDM11,Shoppings,Passiva,"87,34","1,46","84,23","65,03",81054,174085000,"0,05",222256000,1,229,"96,6","252,0","5875,0","28620,0","14,5",Div Yield muito baixo | P/VPC horrivel | Liquidez: muito baixa | Ativos: baixo | Vacancia: otima
SHDP11,Shoppings,Passiva,"1475,75","39,66","0,0","0,0",0,1738360000,"0,033",2131470000,1,473,"97,7","454,0","13345,0","127321,0","29,67",Div Yield muito baixo | P/VPC horrivel | Liquidez: muito baixa | Ativos: otimo | Vacancia: otima
SAIC11,Lajes Corporativas,Passiva,"55,01","0,0","59,99","32,33",8,50055200,"1,0",78911000,1,22,"93,8","0,0","4200,0","11179,0","0,0",Div Yield muito baixo | P/VPC horrivel | Liquidez: muito baixa | Ativos: extremamente baixo | Vacancia: muito alta
TBOF11,Lajes Corporativas,Passiva,"0,17","7,73","101,5","95,83",0,1020080000,"0,0",2035010,0,0,"0,0","0,0","0,0","0,0","20,0",Div Yield ok | P/VPC horrivel | Liquidez: muito baixa | Ativos: extremamente baixo | Vacancia: N/A
ALMI11,Lajes Corporativas,Passiva,"2009,99","0,0","1597,0","1125,0",196157,134635000,"0,68",228483000,1,27,"95,0","269,0","7714,0","16588,0","8,2",Div Yield muito baixo | P/VPC horrivel | Liquidez: muito baixa | Ativos: baixo | Vacancia: muito alta
TRNT11,Lajes Corporativas,Passiva,"207,44","5,67","227,8","153,21",50613,630162000,"0,494",825225000,1,88,"97,8","625,0","9963,0","61855,0","20,06",Div Yield muito baixo | P/VPC horrivel | Liquidez: muito baixa | Ativos: ok | Vacancia: muito alta
VLOL11,Lajes Corporativas,Passiva,"96,89","5,3","108,25","80,76",168190,183659000,"0,11800000000000001",174201000,1,24,"99,2","1063,0","17567,0","10368,0","23,82",Div Yield muito baixo | P/VPC ok | Liquidez: muito baixa | Ativos: baixo | Vacancia: ok
OUFF11,Títulos e Val. Mob.,Ativa,"90,74","5,74","91,53","53,16",332755,149900000,"0,0",166036000,0,0,"0,0","0,0","0,0","0,0","35,0",Div Yield ok | P/VPC ok | Liquidez: muito baixa | Ativos: baixo | Vacancia: N/A
WTSP11,Híbrido,Ativa,"79,78","1,93","62,43","39,46",25719,51315600,"0,081",83454800,1,11,"100,6","396,0","4203,0","12283,0","9,19",Div Yield muito baixo | P/VPC horrivel | Liquidez: muito baixa | Ativos: extremamente baixo | Vacancia: otima
VVPR11,Lajes Corporativas,Ativa,"100,33","6,11","102,3","66,38",119367,230577000,"0,0",234268000,5,5,"78,0","426,0","5433,0","33110,0","45,0",Div Yield ok | P/VPC otimo | Liquidez: muito baixa | Ativos: baixo | Vacancia: otima
LVBI11,Logística,Ativa,"110,32","5,24","127,51","76,02",2708030,1366040000,"0,009000000000000001",1319890000,6,6,"62,4","290,0","3544,0","240417,0","44,91",Div Yield muito baixo | P/VPC ok | Liquidez: ok | Ativos: otimo | Vacancia: otima
BARI11,Títulos e Val. Mob.,Ativa,"101,52","7,99","113,98","68,67",1893990,453315000,"0,0",415657000,0,0,"0,0","0,0","0,0","0,0","35,0",Div Yield ok | P/VPC horrivel | Liquidez: ok | Ativos: medio | Vacancia: N/A
BPFF11,Outros,Ativa,"86,57","4,96","94,43","64,7",1292670,347077000,"0,0",391625000,0,0,"0,0","0,0","0,0","0,0","35,0",Div Yield ok | P/VPC horrivel | Liquidez: ok | Ativos: medio | Vacancia: N/A
BVAR11,Outros,Passiva,"1114,8","111,32","0,0","0,0",0,62560300,"0,009000000000000001",698834000,73,73,"89,8","403,0","396,0","141862,0","29,91",Div Yield perigosamente alto | P/VPC horrivel | Liquidez: muito baixa | Ativos: ok | Vacancia: otima
BPML11,Shoppings,Ativa,"137,77","1,69","114,09","89,01",427622,387457000,"0,068",1058810000,4,632,"139,1","321,0","4751,0","113440,0","29,32",Div Yield muito baixo | P/VPC horrivel | Liquidez: muito baixa | Ativos: otimo | Vacancia: otima
CXCE11,Lajes Corporativas,Passiva,"81,1","10,41","104,26","68,1",91228,132754000,"0,0",140887000,1,1,"95,7","974,0","6370,0","19938,0","55,0",Div Yield otimo | P/VPC otimo | Liquidez: muito baixa | Ativos: baixo | Vacancia: otima
CXTL11,Logística,Passiva,"729,59","6,03","419,77","275,76",133919,18979200,"0,722",40664800,4,4,"99,2","78,0","796,0","23662,0","2,78",Div Yield muito baixo | P/VPC horrivel | Liquidez: muito baixa | Ativos: extremamente baixo | Vacancia: muito alta
CTXT11,Lajes Corporativas,Passiva,"48,36","3,69","52,01","29,54",32617,78087800,"0,58",125678000,1,1,"98,0","308,0","1683,0","45450,0","29,2",Div Yield otimo | P/VPC horrivel | Liquidez: muito baixa | Ativos: baixo | Vacancia: muito alta
FLMA11,Híbrido,Ativa,"3,12","0,1","3,42","2,71",195685,195365000,"0,0",216879000,1,135,"98,0","562,0","11071,0","17292,0","25,0",Div Yield muito baixo | P/VPC ok | Liquidez: muito baixa | Ativos: baixo | Vacancia: otima
EDFO11,Lajes Corporativas,Passiva,"213,76","17,96","263,11","191,06",83817,58528000,"0,0",50864200,1,1,"98,8","15966,0","165192,0","350,0","20,0",Div Yield ok | P/VPC horrivel | Liquidez: muito baixa | Ativos: extremamente baixo | Vacancia: otima
EURO11,Logística,Passiva,"283,18","12,5","222,44","113,26",168746,80572800,"0,0",111767000,7,9,"98,8","47,0","682,0","116761,0","15,0",Div Yield muito baixo | P/VPC horrivel | Liquidez: muito baixa | Ativos: baixo | Vacancia: otima
GESE11,Outros,Passiva,"1347,08","83,5","1520,0","1516,81",0,79040000,"0,0",71188700,1,1,"97,4","351,0","6091,0","12635,0","10,0",Div Yield muito baixo | P/VPC horrivel | Liquidez: muito baixa | Ativos: extremamente baixo | Vacancia: otima
ABCP11,Shoppings,Passiva,"88,12","2,81","89,91","67,72",294516,963981000,"0,022000000000000002",1082620000,1,296,"98,3","745,0","13603,0","69628,0","29,78",Div Yield muito baixo | P/VPC horrivel | Liquidez: muito baixa | Ativos: otimo | Vacancia: otima
GTWR11,Lajes Corporativas,Ativa,"100,83","8,23","115,13","89,58",1865550,1281720000,"0,0",1210530000,3,48,"99,0","1030,0","14233,0","89154,0","55,0",Div Yield ok | P/VPC ok | Liquidez: ok | Ativos: otimo | Vacancia: otima
HBTT11,Títulos e Val. Mob.,Ativa,"886,32","0,0","1324,32","945,0",0,190126000,"0,0",0,0,0,"0,0","0,0","0,0","0,0","10,0",Div Yield muito baixo | P/VPC horrivel | Liquidez: muito baixa | Ativos: extremamente baixo | Vacancia: N/A
HUSC11,Outros,Passiva,"129,75","6,73","158,48","119,24",11549,111246000,"0,0",108539000,1,1,"99,2","72,0","1507,0","73270,0","25,0",Div Yield muito baixo | P/VPC ok | Liquidez: muito baixa | Ativos: baixo | Vacancia: otima
FIIB11,Híbrido,Passiva,"442,58","28,25","541,18","383,12",406756,354138000,"0,004",306211000,11,79,"96,6","42,0","628,0","544558,0","19,96",Div Yield muito baixo | P/VPC horrivel | Liquidez: muito baixa | Ativos: medio | Vacancia: otima
FMOF11,Lajes Corporativas,Passiva,"132,22","1,08","103,58","70,0",17555,35687600,"0,37799999999999995",67276100,2,96,"98,3","182,0","2114,0","16595,0","6,22",Div Yield muito baixo | P/VPC horrivel | Liquidez: muito baixa | Ativos: extremamente baixo | Vacancia: muito alta
MBRF11,Outros,Ativa,"1138,69","96,5","1291,29","828,0",144570,84177800,"0,0",116779000,2,2,"96,5","656,0","4718,0","17216,0","35,0",Div Yield otimo | P/VPC horrivel | Liquidez: muito baixa | Ativos: baixo | Vacancia: otima
MGFF11,Títulos e Val. Mob.,Ativa,"88,63","6,72","94,48","68,02",2343140,776996000,"0,0",815971000,0,0,"0,0","0,0","0,0","0,0","60,0",Div Yield ok | P/VPC otimo | Liquidez: ok | Ativos: ok | Vacancia: N/A
NPAR11,Outros,Ativa,"122,79","0,0","144,0","103,06",3948,16708400,"0,0",14911200,0,0,"0,0","0,0","0,0","0,0","10,0",Div Yield muito baixo | P/VPC horrivel | Liquidez: muito baixa | Ativos: extremamente baixo | Vacancia: N/A
OULG11,Logística,Ativa,"94,26","7,27","97,13","70,7",288293,179645000,"0,0",263885000,2,2,"102,6","304,0","1791,0","102891,0","35,0",Div Yield otimo | P/VPC horrivel | Liquidez: muito baixa | Ativos: baixo | Vacancia: otima
FPNG11,Lajes Corporativas,Ativa,"166,77","5,55","0,0","0,0",0,99050000,"0,27399999999999997",165895000,6,22,"92,8","429,0","6155,0","14939,0","12,26",Div Yield muito baixo | P/VPC horrivel | Liquidez: muito baixa | Ativos: baixo | Vacancia: ok
FPAB11,Lajes Corporativas,Passiva,"448,97","20,48","346,39","261,86",43242,199508000,"0,315",341928000,2,76,"98,9","438,0","4362,0","45242,0","26,85",Div Yield ok | P/VPC horrivel | Liquidez: muito baixa | Ativos: medio | Vacancia: muito alta
RBRY11,Títulos e Val. Mob.,Ativa,"104,93","8,22","105,45","78,16",542347,205747000,"0,0",209223000,0,0,"0,0","0,0","0,0","0,0","45,0",Div Yield ok | P/VPC otimo | Liquidez: muito baixa | Ativos: baixo | Vacancia: N/A
RBRP11,Outros,Ativa,"87,67","6,06","94,86","56,48",3577040,765810000,"0,037000000000000005",986836000,11,125,"97,8","365,0","14259,0","52521,0","59,63",Div Yield ok | P/VPC otimo | Liquidez: ok | Ativos: ok | Vacancia: otima
RCRB11,Lajes Corporativas,Ativa,"197,96","9,43","175,32","111,13",673739,543602000,"0,07400000000000001",734957000,10,34,"77,3","820,0","11893,0","35354,0","34,26",Div Yield ok | P/VPC horrivel | Liquidez: muito baixa | Ativos: ok | Vacancia: otima
RBED11,Outros,Ativa,"150,56","12,07","163,05","111,29",494530,260282000,"0,0",294957000,5,5,"99,4","275,0","3062,0","84466,0","55,0",Div Yield otimo | P/VPC otimo | Liquidez: muito baixa | Ativos: baixo | Vacancia: otima
RBVA11,Outros,Ativa,"114,56","9,44","139,14","98,84",2073140,1232980000,"0,009000000000000001",1599090000,86,87,"106,1","702,0","8722,0","149986,0","64,91",Div Yield otimo | P/VPC ok | Liquidez: ok | Ativos: otimo | Vacancia: otima
RNGO11,Lajes Corporativas,Passiva,"101,17","5,24","77,56","59,91",356945,172334000,"0,179",271840000,4,837,"98,5","352,0","3164,0","53664,0","33,21",Div Yield otimo | P/VPC horrivel | Liquidez: muito baixa | Ativos: baixo | Vacancia: ok
FISC11,Lajes Corporativas,Ativa,"157,37","0,32","165,0","160,9",0,260136000,"0,627",260291000,4,414,"101,3","449,0","28462,0","9255,0","28,73",Div Yield muito baixo | P/VPC otimo | Liquidez: muito baixa | Ativos: baixo | Vacancia: muito alta
SCPF11,Shoppings,Ativa,"12,65","0,29","10,38","8,55",12738,38472000,"0,223",54344000,1,52,"97,6","599,0","7893,0","4756,0","7,77",Div Yield muito baixo | P/VPC horrivel | Liquidez: muito baixa | Ativos: extremamente baixo | Vacancia: ok
SDIL11,Logística,Ativa,"103,81","4,92","104,61","66,28",1313160,627674000,"0,06",687505000,4,32,"64,5","170,0","1970,0","205310,0","39,4",Div Yield muito baixo | P/VPC ok | Liquidez: ok | Ativos: ok | Vacancia: otima
SHPH11,Shoppings,Passiva,"820,11","24,92","924,36","718,69",181390,499650000,"0,09",501479000,1,311,"99,0","826,0","14488,0","34127,0","44,1",Div Yield muito baixo | P/VPC otimo | Liquidez: muito baixa | Ativos: ok | Vacancia: otima
TGAR11,Híbrido,Ativa,"129,87","8,76","143,41","80,65",4449560,1028400000,"0,0",1054930000,4,864,"59,4","0,0","2337,0","261308,0","55,0",Div Yield ok | P/VPC ok | Liquidez: ok | Ativos: otimo | Vacancia: otima
ONEF11,Lajes Corporativas,Passiva,"160,46","7,57","148,12","119,69",70162,126629000,"0,10300000000000001",146278000,1,16,"98,6","1349,0","20753,0","6015,0","13,97",Div Yield muito baixo | P/VPC horrivel | Liquidez: muito baixa | Ativos: baixo | Vacancia: ok
TOUR11,Residencial,Ativa,"453,73","8,86","134,99","97,99",4339,1150100,"0,0",6007480,1,0,"1977,7","0,0","3830,0","5939,0","20,0",Div Yield ok | P/VPC horrivel | Liquidez: muito baixa | Ativos: extremamente baixo | Vacancia: N/A
VERE11,Outros,Ativa,"312,52","17,39","0,0","0,0",0,141372000,"0,0",173450000,3,132,"90,9","205,0","1674,0","76723,0","25,0",Div Yield ok | P/VPC horrivel | Liquidez: muito baixa | Ativos: baixo | Vacancia: otima
FVPQ11,Shoppings,Passiva,"196,9","3,24","174,06","128,11",208594,386141000,"0,06",554187000,1,213,"97,9","678,0","6633,0","57000,0","24,4",Div Yield muito baixo | P/VPC horrivel | Liquidez: muito baixa | Ativos: ok | Vacancia: otima
VTLT11,Logística,Ativa,"102,2","8,0","116,46","77,51",426418,238572000,"0,0",216373000,1,1,"97,2","76,0","930,0","249303,0","25,0",Div Yield ok | P/VPC horrivel | Liquidez: muito baixa | Ativos: baixo | Vacancia: otima
VSEC11,Títulos e Val. Mob.,Ativa,"97,58","3,65","92,5","67,58",95454,738691000,"0,0",883205000,0,0,"0,0","0,0","0,0","0,0","35,0",Div Yield muito baixo | P/VPC ok | Liquidez: muito baixa | Ativos: ok | Vacancia: N/A
VSHO11,Shoppings,Ativa,"100,19","0,76","100,8","70,0",41445,147860000,"0,08",212410000,3,258,"97,6","186,0","1947,0","74109,0","14,2",Div Yield muito baixo | P/VPC horrivel | Liquidez: muito baixa | Ativos: baixo | Vacancia: otima
IBFF11,Títulos e Val. Mob.,Ativa,"88,76","4,72","82,8","58,59",239853,49187700,"0,0",59629700,0,0,"0,0","0,0","0,0","0,0","20,0",Div Yield ok | P/VPC horrivel | Liquidez: muito baixa | Ativos: extremamente baixo | Vacancia: N/A
PLCR11,Híbrido,Ativa,"98,1","5,9","94,29","54,14",688625,196237000,"0,0",208685000,0,0,"0,0","0,0","0,0","0,0","35,0",Div Yield ok | P/VPC ok | Liquidez: muito baixa | Ativos: baixo | Vacancia: N/A
RELG11,Híbrido,Ativa,"96,35","2,39","117,66","95,44",145285,90519800,"0,187",153134000,2,2,"162,8","9,0","5005,0","29442,0","33,13",Div Yield muito baixo | P/VPC otimo | Liquidez: muito baixa | Ativos: baixo | Vacancia: ok
CVBI11,Títulos e Val. Mob.,Ativa,"100,16","11,23","109,95","60,18",3241650,382662000,"0,0",602986000,0,0,"0,0","0,0","0,0","0,0","60,0",Div Yield otimo | P/VPC ok | Liquidez: ok | Ativos: ok | Vacancia: N/A
MCCI11,Títulos e Val. Mob.,Ativa,"99,66","6,48","105,3","70,66",3382960,925682000,"0,0",907416000,0,0,"0,0","0,0","0,0","0,0","60,0",Div Yield ok | P/VPC otimo | Liquidez: ok | Ativos: ok | Vacancia: N/A
ARRI11,Títulos e Val. Mob.,Ativa,"95,29","8,08","99,88","49,25",99932,37726800,"0,0",37849000,0,0,"0,0","0,0","0,0","0,0","50,0",Div Yield otimo | P/VPC otimo | Liquidez: muito baixa | Ativos: extremamente baixo | Vacancia: N/A
HOSI11,Híbrido,Ativa,"92,93","3,32","93,05","62,52",51797,47883100,"0,0",53666600,0,0,"0,0","0,0","0,0","0,0","10,0",Div Yield muito baixo | P/VPC horrivel | Liquidez: muito baixa | Ativos: extremamente baixo | Vacancia: N/A
MGHT11,Títulos e Val. Mob.,Ativa,"99,69","5,72","103,64","80,03",90536,101296000,"0,0",124116000,1,6,"33,5","0,0","9772,0","3468,0","35,0",Div Yield muito baixo | P/VPC otimo | Liquidez: muito baixa | Ativos: baixo | Vacancia: otima
PVBI11,Lajes Corporativas,Ativa,"96,49","2,86","98,74","92,47",3188880,928260000,"0,0",948951000,2,32,"82,9","484,0","17314,0","44452,0","50,0",Div Yield muito baixo | P/VPC otimo | Liquidez: ok | Ativos: ok | Vacancia: otima
MGCR11,Títulos e Val. Mob.,Ativa,"95,36","3,04","103,0","90,99",441515,74145100,"0,0",69909500,0,0,"0,0","0,0","0,0","0,0","20,0",Div Yield muito baixo | P/VPC ok | Liquidez: muito baixa | Ativos: extremamente baixo | Vacancia: N/A
RFOF11,Títulos e Val. Mob.,Ativa,"94,84","5,34","89,89","56,32",321112,94900000,"0,0",103104000,0,0,"0,0","0,0","0,0","0,0","35,0",Div Yield ok | P/VPC ok | Liquidez: muito baixa | Ativos: baixo | Vacancia: N/A
HBRH11,Híbrido,Ativa,"109,32","8,11","108,0","91,28",105962,224343000,"0,0",247485000,4,283,"99,3","700,0","8428,0","26447,0","45,0",Div Yield otimo | P/VPC ok | Liquidez: muito baixa | Ativos: baixo | Vacancia: otima
IRDM11,Títulos e Val. Mob.,Ativa,"99,79","10,31","143,65","70,88",10703900,2152160000,"0,0",1622330000,0,0,"0,0","0,0","0,0","0,0","50,0",Div Yield ok | P/VPC horrivel | Liquidez: otima | Ativos: otimo | Vacancia: N/A
KFOF11,Títulos e Val. Mob.,Ativa,"106,94","5,59","111,33","69,35",757143,439732000,"0,0",488125000,0,0,"0,0","0,0","0,0","0,0","30,0",Div Yield muito baixo | P/VPC ok | Liquidez: muito baixa | Ativos: medio | Vacancia: N/A
OURE11,Títulos e Val. Mob.,Ativa,"99,44","2,39","94,09","87,38",173438,73700800,"0,0",85382000,5,29,"36,4","44,0","3611,0","7424,0","10,0",Div Yield muito baixo | P/VPC horrivel | Liquidez: muito baixa | Ativos: extremamente baixo | Vacancia: otima
FATN11,Híbrido,Ativa,"100,4","4,83","108,03","88,81",11668,55121400,"0,0",54633600,10,13,"99,8","1333,0","23124,0","2378,0","30,0",Div Yield muito baixo | P/VPC otimo | Liquidez: muito baixa | Ativos: extremamente baixo | Vacancia: otima
RZTR11,Híbrido,Ativa,"96,67","3,21","107,41","94,99",2621720,504376000,"0,0",480078000,9,9,"96,9","0,0","2,0","272049312,0","35,0",Div Yield muito baixo | P/VPC ok | Liquidez: ok | Ativos: medio | Vacancia: otima
GCFF11,Títulos e Val. Mob.,Ativa,"99,42","3,95","109,83","91,55",88621,32857600,"0,0",34824200,0,0,"0,0","0,0","0,0","0,0","30,0",Div Yield muito baixo | P/VPC otimo | Liquidez: muito baixa | Ativos: extremamente baixo | Vacancia: N/A
FIGS11,Shoppings,Passiva,"94,07","1,88","67,77","48,07",347450,170458000,"0,12300000000000001",269048000,2,327,"95,1","119,0","2650,0","61137,0","13,77",Div Yield muito baixo | P/VPC horrivel | Liquidez: muito baixa | Ativos: baixo | Vacancia: ok
GGRC11,Logística,Ativa,"124,39","7,56","145,05","86,87",2204080,1024660000,"0,0",971598000,15,16,"74,6","95,0","1140,0","671020,0","40,0",Div Yield muito baixo | P/VPC ok | Liquidez: ok | Ativos: ok | Vacancia: otima
GRLV11,Logística,Passiva,"5,97","59,35","145,5","86,18",0,156199000,"0,037000000000000005",159523000,1,16,"0,0","183,0","0,0","55202,0","19,63",Div Yield perigosamente alto | P/VPC horrivel | Liquidez: muito baixa | Ativos: baixo | Vacancia: otima
GALG11,Híbrido,Ativa,"86,98","3,21","115,54","108,41",3364370,639212000,"0,0",883419000,5,20,"168,6","10,0","1575,0","684300,0","30,0",Div Yield muito baixo | P/VPC horrivel | Liquidez: ok | Ativos: ok | Vacancia: otima
HABT11,Títulos e Val. Mob.,Ativa,"101,52","11,51","122,97","70,32",2267320,641876000,"0,0",559941000,0,0,"0,0","0,0","0,0","0,0","50,0",Div Yield otimo | P/VPC horrivel | Liquidez: ok | Ativos: ok | Vacancia: N/A
HCTR11,Títulos e Val. Mob.,Ativa,"117,88","12,67","151,21","64,39",8405400,1047780000,"0,0",1102630000,0,0,"0,0","0,0","0,0","0,0","60,0",Div Yield otimo | P/VPC horrivel | Liquidez: otima | Ativos: otimo | Vacancia: N/A
HAAA11,Lajes Corporativas,Ativa,"97,34","2,17","105,0","99,49",5653,277775000,"0,0",265272000,1,29,"98,8","66,0","5862,0","46814,0","25,0",Div Yield muito baixo | P/VPC ok | Liquidez: muito baixa | Ativos: baixo | Vacancia: otima
ATSA11,Shoppings,Passiva,"98,89","0,0","139,49","105,0",33002,197879000,"0,185",173273000,1,234,"98,1","36,0","5959,0","32559,0","13,15",Div Yield muito baixo | P/VPC horrivel | Liquidez: muito baixa | Ativos: baixo | Vacancia: ok
HGBS11,Shoppings,Ativa,"220,42","6,01","228,41","164,26",2166890,1999600000,"0,064",2229020000,11,1780,"63,0","128,0","3925,0","320785,0","44,36",Div Yield muito baixo | P/VPC ok | Liquidez: ok | Ativos: otimo | Vacancia: otima
HLOG11,Logística,Ativa,"120,07","4,16","119,51","98,2",636564,497250000,"0,0",690732000,3,23,"123,9","35,0","1422,0","433196,0","45,0",Div Yield muito baixo | P/VPC otimo | Liquidez: muito baixa | Ativos: ok | Vacancia: otima
HRDF11,Híbrido,Ativa,"1,81","0,0","2,8","1,5",23008,12898100,"0,0",14421300,0,0,"0,0","0,0","0,0","0,0","20,0",Div Yield muito baixo | P/VPC ok | Liquidez: muito baixa | Ativos: extremamente baixo | Vacancia: N/A
HREC11,Títulos e Val. Mob.,Ativa,"99,21","3,83","103,7","99,77",2371290,93311900,"0,0",97243600,0,0,"0,0","0,0","0,0","0,0","35,0",Div Yield muito baixo | P/VPC otimo | Liquidez: ok | Ativos: extremamente baixo | Vacancia: N/A
HPDP11,Shoppings,Passiva,"100,66","2,23","93,0","68,25",101096,244311000,"0,034",293928000,1,390,"98,5","62,0","1897,0","126870,0","14,66",Div Yield muito baixo | P/VPC horrivel | Liquidez: muito baixa | Ativos: baixo | Vacancia: otima
HMOC11,Shoppings,Passiva,"238,79","103,58","231,3","146,78",17310,86698800,"0,019",91692300,1,139,"99,3","120,0","2891,0","29784,0","34,81",Div Yield perigosamente alto | P/VPC otimo | Liquidez: muito baixa | Ativos: extremamente baixo | Vacancia: otima
HFOF11,Títulos e Val. Mob.,Ativa,"97,0","6,46","112,92","78,37",3503380,2165470000,"0,0",2106140000,0,0,"0,0","0,0","0,0","0,0","65,0",Div Yield ok | P/VPC otimo | Liquidez: ok | Ativos: otimo | Vacancia: N/A
HSAF11,Títulos e Val. Mob.,Ativa,"98,78","3,16","99,98","86,77",313822,86567700,"0,0",90661500,0,0,"0,0","0,0","0,0","0,0","30,0",Div Yield muito baixo | P/VPC otimo | Liquidez: muito baixa | Ativos: extremamente baixo | Vacancia: N/A
HSLG11,Logística,Ativa,"105,46","1,47","113,91","106,3",1430460,1367920000,"0,0",1342930000,5,16,"93,9","152,0","2998,0","428600,0","55,0",Div Yield muito baixo | P/VPC otimo | Liquidez: ok | Ativos: otimo | Vacancia: otima
HSML11,Shoppings,Ativa,"97,3","3,96","97,03","64,14",3345590,1393270000,"0,06",1550600000,6,781,"95,8","370,0","8850,0","150818,0","44,4",Div Yield muito baixo | P/VPC ok | Liquidez: ok | Ativos: otimo | Vacancia: otima
HSRE11,Híbrido,Ativa,"96,83","1,08","87,06","87,06",0,741583000,"0,0",829997000,27,27,"97,8","439,0","7228,0","100295,0","25,0",Div Yield muito baixo | P/VPC horrivel | Liquidez: muito baixa | Ativos: ok | Vacancia: otima
IFIE11,Títulos e Val. Mob.,Passiva,"92,56","1,99","99,61","92,58",120022,86906700,"0,0",83776100,0,0,"0,0","0,0","0,0","0,0","30,0",Div Yield muito baixo | P/VPC otimo | Liquidez: muito baixa | Ativos: extremamente baixo | Vacancia: N/A
BICR11,Títulos e Val. Mob.,Ativa,"99,8","3,12","104,23","91,19",7433,45710000,"0,0",50072400,0,0,"0,0","0,0","0,0","0,0","20,0",Div Yield muito baixo | P/VPC ok | Liquidez: muito baixa | Ativos: extremamente baixo | Vacancia: N/A
JFLL11,Residencial,Ativa,"93,89","0,68","94,31","88,65",189000,135759000,"0,0",141943000,0,0,"98,7","0,0","0,0","0,0","35,0",Div Yield muito baixo | P/VPC otimo | Liquidez: muito baixa | Ativos: baixo | Vacancia: N/A
RBBV11,Títulos e Val. Mob.,Passiva,"100,23","5,75","99,78","77,81",72902,120713000,"0,0",125791000,0,0,"0,0","0,0","0,0","0,0","35,0",Div Yield muito baixo | P/VPC otimo | Liquidez: muito baixa | Ativos: baixo | Vacancia: N/A
JPPA11,Títulos e Val. Mob.,Ativa,"104,07","7,56","104,81","84,06",72596,59430100,"0,0",63445700,0,0,"0,0","0,0","0,0","0,0","30,0",Div Yield ok | P/VPC ok | Liquidez: muito baixa | Ativos: extremamente baixo | Vacancia: N/A
JPPC11,Híbrido,Ativa,"458,83","14,73","0,0","0,0",0,22110000,"0,0",25321500,0,0,"0,0","0,0","0,0","0,0","10,0",Div Yield muito baixo | P/VPC horrivel | Liquidez: muito baixa | Ativos: extremamente baixo | Vacancia: N/A
JSRE11,Híbrido,Ativa,"113,78","5,9","99,1","76,27",3124020,1886710000,"0,079",2433140000,4,124,"80,6","1008,0","15326,0","99238,0","44,21",Div Yield ok | P/VPC horrivel | Liquidez: ok | Ativos: otimo | Vacancia: otima
KISU11,Títulos e Val. Mob.,Ativa,"97,33","1,62","117,5","103,66",2472810,86275600,"0,0",74851600,0,0,"0,0","0,0","0,0","0,0","15,0",Div Yield muito baixo | P/VPC horrivel | Liquidez: ok | Ativos: extremamente baixo | Vacancia: N/A
KNHY11,Títulos e Val. Mob.,Ativa,"103,48","9,37","116,68","82,73",1522040,1225170000,"0,0",1121410000,0,0,"0,0","0,0","0,0","0,0","55,0",Div Yield otimo | P/VPC horrivel | Liquidez: ok | Ativos: otimo | Vacancia: N/A
KNRE11,Residencial,Ativa,"3,22","0,05","3,49","2,94",38517,61205600,"0,0",59882700,1,0,"10,5","0,0","0,0","0,0","30,0",Div Yield muito baixo | P/VPC otimo | Liquidez: muito baixa | Ativos: extremamente baixo | Vacancia: N/A
KNIP11,Títulos e Val. Mob.,Ativa,"103,63","8,28","117,08","85,92",14203200,5455850000,"0,0",4945800000,0,0,"0,0","0,0","0,0","0,0","50,0",Div Yield ok | P/VPC horrivel | Liquidez: otima | Ativos: otimo | Vacancia: N/A
KNRI11,Híbrido,Ativa,"156,05","7,74","166,24","126,0",4486460,3663680000,"0,003",3876390000,18,238,"79,8","376,0","5052,0","578488,0","54,97",Div Yield muito baixo | P/VPC otimo | Liquidez: ok | Ativos: otimo | Vacancia: otima
KNCR11,Títulos e Val. Mob.,Ativa,"98,25","3,73","92,45","77,17",4378610,3583640000,"0,0",3854210000,0,0,"0,0","0,0","0,0","0,0","45,0",Div Yield muito baixo | P/VPC ok | Liquidez: ok | Ativos: otimo | Vacancia: N/A
KNSC11,Títulos e Val. Mob.,Ativa,"94,18","3,72","106,08","91,25",2553540,279296000,"0,0",251127000,0,0,"0,0","0,0","0,0","0,0","20,0",Div Yield muito baixo | P/VPC horrivel | Liquidez: ok | Ativos: baixo | Vacancia: N/A
LATR11,Residencial,Ativa,"29,27","3,67","335,67","144,88",2244,22338700,"0,0",3768330,1,1,"7,7","0,0","21200,0","81,0","10,0",Div Yield muito baixo | P/VPC horrivel | Liquidez: muito baixa | Ativos: extremamente baixo | Vacancia: otima
LASC11,Shoppings,Ativa,"103,14","3,67","102,91","81,32",140405,241722000,"0,0",307706000,2,460,"88,4","0,0","3487,0","61280,0","30,0",Div Yield muito baixo | P/VPC ok | Liquidez: muito baixa | Ativos: medio | Vacancia: otima
LOFT11,Residencial,Ativa,"65,1","5,86","33,5","24,97",15727,86883600,"0,0",390211000,149,149,"118,8","16,0","5240,0","19690,0","25,0",Div Yield perigosamente alto | P/VPC horrivel | Liquidez: muito baixa | Ativos: medio | Vacancia: otima
LFTT11,Residencial,Ativa,"55,63","3,21","108,88","96,05",355451,653515000,"0,0",644603000,337,337,"102,0","4,0","17405,0","38316,0","25,0",Div Yield muito baixo | P/VPC horrivel | Liquidez: muito baixa | Ativos: ok | Vacancia: otima
LGCP11,Logística,Ativa,"98,79","4,4","102,07","85,07",207095,264268000,"0,0",271382000,5,23,"99,4","188,0","3259,0","80620,0","35,0",Div Yield muito baixo | P/VPC otimo | Liquidez: muito baixa | Ativos: baixo | Vacancia: otima
LUGG11,Residencial,Ativa,"109,82","5,66","109,02","92,57",73310,88200000,"0,065",99343100,4,452,"98,5","511,0","3973,0","21877,0","9,35",Div Yield muito baixo | P/VPC horrivel | Liquidez: muito baixa | Ativos: extremamente baixo | Vacancia: otima
DMAC11,Residencial,Passiva,"160,07","26,06","121,0","68,88",81907,12076500,"0,0",66493800,0,0,"0,0","0,0","0,0","0,0","15,0",Div Yield perigosamente alto | P/VPC horrivel | Liquidez: muito baixa | Ativos: extremamente baixo | Vacancia: N/A
MALL11,Shoppings,Ativa,"105,44","4,47","105,68","57,31",2399710,727684000,"0,054000000000000006",802539000,5,777,"78,0","345,0","3642,0","155768,0","39,46",Div Yield muito baixo | P/VPC ok | Liquidez: ok | Ativos: ok | Vacancia: otima
MXRF11,Híbrido,Ativa,"10,07","0,72","10,64","7,7",8283440,1890580000,"1,0",1853620000,2,5,"0,4","0,0","12025,0","621,0","60,0",Div Yield ok | P/VPC otimo | Liquidez: otima | Ativos: otimo | Vacancia: muito alta
MFII11,Híbrido,Ativa,"119,11","10,01","131,0","74,81",1140140,388147000,"0,0",397326000,16,11,"6,3","0,0","73,0","332769,0","65,0",Div Yield otimo | P/VPC otimo | Liquidez: ok | Ativos: medio | Vacancia: otima
MFAI11,Híbrido,Ativa,"95,45","7,17","180,35","96,02",373170,29526000,"0,0",29860900,0,0,"0,0","0,0","0,0","0,0","40,0",Div Yield ok | P/VPC otimo | Liquidez: muito baixa | Ativos: extremamente baixo | Vacancia: N/A
MORE11,Títulos e Val. Mob.,Ativa,"100,61","3,55","115,36","87,87",302293,229639000,"0,0",245758000,0,0,"0,0","0,0","0,0","0,0","35,0",Div Yield muito baixo | P/VPC otimo | Liquidez: muito baixa | Ativos: baixo | Vacancia: N/A
DRIT11,Lajes Corporativas,Ativa,"131,43","4,7","181,0","108,45",2978,51900900,"0,055999999999999994",61343300,6,11,"96,9","620,0","8781,0","5725,0","9,44",Div Yield muito baixo | P/VPC horrivel | Liquidez: muito baixa | Ativos: extremamente baixo | Vacancia: otima
NEWL11,Híbrido,Ativa,"110,86","5,5","105,66","76,85",215464,129186000,"0,0",139399000,1,1,"68,9","314,0","2185,0","40719,0","25,0",Div Yield muito baixo | P/VPC ok | Liquidez: muito baixa | Ativos: baixo | Vacancia: otima
NEWU11,Híbrido,Ativa,"64,33","0,11","51,83","36,76",13161,29769000,"0,423",47818700,3,32,"90,5","201,0","2089,0","12904,0","5,77",Div Yield muito baixo | P/VPC horrivel | Liquidez: muito baixa | Ativos: extremamente baixo | Vacancia: muito alta
FTCE11,Híbrido,Ativa,"2653,05","106,81","2950,01","2445,0",0,2585750000,"0,045",2981450000,69,1774,"76,1","21,0","1964,0","1001553,0","29,55",Div Yield muito baixo | P/VPC horrivel | Liquidez: muito baixa | Ativos: otimo | Vacancia: otima
OUJP11,Híbrido,Ativa,"103,89","7,51","107,56","67,62",1275790,238416000,"0,0",239175000,0,0,"0,0","0,0","0,0","0,0","50,0",Div Yield ok | P/VPC otimo | Liquidez: ok | Ativos: baixo | Vacancia: N/A
ORPD11,Títulos e Val. Mob.,Ativa,"144,53","0,0","132,0","89,0",5211,34075000,"0,0",42877000,0,0,"0,0","0,0","0,0","0,0","10,0",Div Yield muito baixo | P/VPC horrivel | Liquidez: muito baixa | Ativos: extremamente baixo | Vacancia: N/A
PQAG11,Logística,Ativa,"54,38","2,81","70,62","60,47",15181,979013000,"0,0",777161000,0,0,"101,2","0,0","0,0","0,0","25,0",Div Yield muito baixo | P/VPC horrivel | Liquidez: muito baixa | Ativos: ok | Vacancia: N/A
PATC11,Lajes Corporativas,Ativa,"101,48","3,45","92,17","72,06",700557,296799000,"0,0",354163000,5,16,"50,2","1218,0","17471,0","8526,0","20,0",Div Yield muito baixo | P/VPC horrivel | Liquidez: muito baixa | Ativos: medio | Vacancia: otima
PATL11,Logística,Ativa,"97,08","3,27","96,57","89,66",1494610,465411000,"0,076",488562000,2,2,"84,0","80,0","2957,0","132198,0","44,24",Div Yield muito baixo | P/VPC otimo | Liquidez: ok | Ativos: medio | Vacancia: otima
PRSN11,Residencial,Ativa,"0,33","0,05","1,39","0,51",13601,31537000,"0,0",33520200,2,35,"70,6","0,0","110149,0","202,0","30,0",Div Yield otimo | P/VPC horrivel | Liquidez: muito baixa | Ativos: extremamente baixo | Vacancia: otima
PLRI11,Títulos e Val. Mob.,Ativa,"54,86","2,89","45,71","27,31",16373,43592600,"0,0",103902000,0,0,"0,0","0,0","0,0","0,0","25,0",Div Yield ok | P/VPC horrivel | Liquidez: muito baixa | Ativos: baixo | Vacancia: N/A
PORD11,Títulos e Val. Mob.,Ativa,"100,93","9,4","103,22","73,1",392069,202197000,"0,0",201491000,0,0,"0,0","0,0","0,0","0,0","55,0",Div Yield otimo | P/VPC otimo | Liquidez: muito baixa | Ativos: baixo | Vacancia: N/A
PRSV11,Lajes Corporativas,Passiva,"235,83","14,11","188,25","138,16",44091,29445000,"0,409",46209600,1,23,"94,6","640,0","2763,0","10082,0","25,91",Div Yield otimo | P/VPC horrivel | Liquidez: muito baixa | Ativos: extremamente baixo | Vacancia: muito alta
QAGR11,Lajes Corporativas,Ativa,"58,55","4,11","56,2","35,62",1663190,265810000,"0,0",301025000,12,12,"97,2","36,0","744,0","347258,0","45,0",Div Yield ok | P/VPC ok | Liquidez: ok | Ativos: medio | Vacancia: otima
QIFF11,Títulos e Val. Mob.,Passiva,"100,76","1,5","105,24","97,25",26577,15525000,"0,0",15280500,0,0,"0,0","0,0","0,0","0,0","30,0",Div Yield muito baixo | P/VPC otimo | Liquidez: muito baixa | Ativos: extremamente baixo | Vacancia: N/A
RBDS11,Residencial,Ativa,"22,51","0,0","43,23","20,01",5136,2600050,"0,0",3524900,1,0,"0,0","0,0","0,0","0,0","20,0",Div Yield muito baixo | P/VPC ok | Liquidez: muito baixa | Ativos: extremamente baixo | Vacancia: N/A
RBGS11,Shoppings,Passiva,"90,93","1,16","50,95","36,97",35523,42990600,"0,129",98379300,1,152,"99,3","68,0","1472,0","29018,0","8,71",Div Yield muito baixo | P/VPC horrivel | Liquidez: muito baixa | Ativos: extremamente baixo | Vacancia: ok
RBCO11,Lajes Corporativas,Ativa,"102,62","5,8","93,7","73,51",224977,277794000,"0,28300000000000003",441619000,4,85,"92,7","570,0","7303,0","35277,0","27,17",Div Yield ok | P/VPC horrivel | Liquidez: muito baixa | Ativos: medio | Vacancia: ok
RRCI11,Títulos e Val. Mob.,Ativa,"96,05","1,68","98,5","90,12",91562,46104100,"0,0",47520900,0,0,"0,0","0,0","0,0","0,0","30,0",Div Yield muito baixo | P/VPC otimo | Liquidez: muito baixa | Ativos: extremamente baixo | Vacancia: N/A
FIIP11,Híbrido,Passiva,"193,16","20,73","203,97","123,34",135369,181909000,"0,0",180279000,7,7,"95,9","305,0","2549,0","68444,0","55,0",Div Yield otimo | P/VPC otimo | Liquidez: muito baixa | Ativos: baixo | Vacancia: otima
RBRD11,Híbrido,Passiva,"70,06","21,17","86,79","40,15",164054,111107000,"0,28",130329000,4,4,"95,4","1724,0","3937,0","26923,0","17,2",Div Yield perigosamente alto | P/VPC horrivel | Liquidez: muito baixa | Ativos: baixo | Vacancia: ok
RCRI11,Híbrido,Ativa,"1027,24","57,12","1000,0","1000,0",0,51012000,"0,0",53874100,0,0,"0,0","0,0","0,0","0,0","30,0",Div Yield muito baixo | P/VPC otimo | Liquidez: muito baixa | Ativos: extremamente baixo | Vacancia: N/A
RBRF11,Títulos e Val. Mob.,Ativa,"93,07","5,54","99,11","67,18",4743310,1279560000,"0,0",1289990000,0,0,"0,0","0,0","0,0","0,0","55,0",Div Yield muito baixo | P/VPC otimo | Liquidez: ok | Ativos: otimo | Vacancia: N/A
RCFF11,Títulos e Val. Mob.,Ativa,"98,54","5,03","110,0","87,41",7032,31964300,"0,0",31902000,0,0,"0,0","0,0","0,0","0,0","30,0",Div Yield muito baixo | P/VPC otimo | Liquidez: muito baixa | Ativos: extremamente baixo | Vacancia: N/A
RBRL11,Logística,Ativa,"106,74","4,97","113,82","89,43",1324140,611088000,"0,0",696427000,6,6,"106,3","57,0","2209,0","294050,0","50,0",Div Yield muito baixo | P/VPC otimo | Liquidez: ok | Ativos: ok | Vacancia: otima
RBIV11,Títulos e Val. Mob.,Ativa,"99,95","6,02","88,0","64,19",287442,86025900,"0,0",103799000,0,0,"0,0","0,0","0,0","0,0","25,0",Div Yield ok | P/VPC horrivel | Liquidez: muito baixa | Ativos: baixo | Vacancia: N/A
RBVO11,,,"22,22","1,05","18,25","10,52",8359,7629040,"0,0",11499000,0,0,"0,0","0,0","0,0","0,0","20,0",Div Yield ok | P/VPC horrivel | Liquidez: muito baixa | Ativos: extremamente baixo | Vacancia: N/A
RBFF11,Títulos e Val. Mob.,Ativa,"102,55","5,49","84,01","52,11",702187,186151000,"0,0",285979000,0,0,"0,0","0,0","0,0","0,0","35,0",Div Yield otimo | P/VPC horrivel | Liquidez: muito baixa | Ativos: baixo | Vacancia: N/A
RBRS11,Híbrido,Ativa,"96,7","1,62","103,63","87,1",27790,94017900,"0,0",195658000,3,397,"157,4","33,0","11566,0","12793,0","25,0",Div Yield muito baixo | P/VPC ok | Liquidez: muito baixa | Ativos: baixo | Vacancia: otima
RZAK11,Títulos e Val. Mob.,Ativa,"97,07","0,51","103,61","93,04",1327510,285225000,"0,0",293086000,0,0,"0,0","0,0","0,0","0,0","40,0",Div Yield muito baixo | P/VPC otimo | Liquidez: ok | Ativos: baixo | Vacancia: N/A
ARCT11,Híbrido,Ativa,"103,14","17,16","141,08","84,03",685032,60730600,"0,0",53172100,3,3,"34,8","93,0","428,0","49339,0","30,0",Div Yield otimo | P/VPC horrivel | Liquidez: muito baixa | Ativos: extremamente baixo | Vacancia: otima
SADI11,Títulos e Val. Mob.,Ativa,"100,39","2,62","89,31","64,77",359689,251205000,"0,0",320413000,0,0,"0,0","0,0","0,0","0,0","20,0",Div Yield muito baixo | P/VPC horrivel | Liquidez: muito baixa | Ativos: medio | Vacancia: N/A
SARE11,Híbrido,Ativa,"100,35","2,92","99,87","61,58",542278,510341000,"0,0",593801000,2,19,"25,3","347,0","5726,0","22507,0","35,0",Div Yield muito baixo | P/VPC ok | Liquidez: muito baixa | Ativos: ok | Vacancia: otima
SEQR11,,Ativa,"105,51","0,67","98,36","91,0",34513,134867000,"0,0",156828000,0,0,"11,6","0,0","0,0","0,0","15,0",Div Yield muito baixo | P/VPC horrivel | Liquidez: muito baixa | Ativos: baixo | Vacancia: N/A
WPLZ11,Shoppings,Passiva,"105,13","0,65","95,38","64,0",24046,65338000,"0,075",107511000,1,172,"98,1","57,0","1743,0","36780,0","14,25",Div Yield muito baixo | P/VPC horrivel | Liquidez: muito baixa | Ativos: baixo | Vacancia: otima
REIT11,Títulos e Val. Mob.,Ativa,"1270,85","73,39","1298,0","836,86",1399,31549200,"0,0",33493000,0,0,"0,0","0,0","0,0","0,0","30,0",Div Yield ok | P/VPC ok | Liquidez: muito baixa | Ativos: extremamente baixo | Vacancia: N/A
SOLR11,,Ativa,"1013,3","76,33","1015,36","1015,36",2499,63848900,"0,0",63759000,1,1,"98,4","700,0","7803,0","8052,0","40,0",Div Yield ok | P/VPC otimo | Liquidez: muito baixa | Ativos: extremamente baixo | Vacancia: otima
SPTW11,Lajes Corporativas,Passiva,"69,3","9,06","84,1","42,84",434035,138536000,"0,0",131552000,1,8,"68,4","1001,0","4771,0","19871,0","35,0",Div Yield otimo | P/VPC horrivel | Liquidez: muito baixa | Ativos: baixo | Vacancia: otima
STRX11,Híbrido,Passiva,"20348,66","364,63","0,0","0,0",0,243234000,"0,2",315534000,2,45,"100,3","106,0","2584,0","94370,0","18,0",Div Yield muito baixo | P/VPC horrivel | Liquidez: muito baixa | Ativos: medio | Vacancia: ok
TEPP11,Lajes Corporativas,Ativa,"94,91","4,43","93,31","79,12",527404,347679000,"0,128",420422000,4,89,"97,6","782,0","11123,0","30514,0","18,72",Div Yield muito baixo | P/VPC horrivel | Liquidez: muito baixa | Ativos: medio | Vacancia: ok
TORD11,Híbrido,Ativa,"10,41","0,71","11,58","7,46",2101700,151718000,"0,0",141163000,0,0,"0,0","0,0","0,0","0,0","40,0",Div Yield ok | P/VPC ok | Liquidez: ok | Ativos: baixo | Vacancia: N/A
XTED11,Lajes Corporativas,Ativa,"14,99","0,0","9,54","6,65",19623,12332800,"1,0",27184100,1,6,"98,6","0,0","1630,0","7464,0","0,0",Div Yield muito baixo | P/VPC horrivel | Liquidez: muito baixa | Ativos: extremamente baixo | Vacancia: muito alta
TRXF11,Híbrido,Ativa,"106,51","5,47","111,19","75,94",3049410,559988000,"0,0",985240000,21,21,"79,9","111,0","1857,0","240834,0","50,0",Div Yield muito baixo | P/VPC otimo | Liquidez: ok | Ativos: ok | Vacancia: otima
TRXB11,Híbrido,Passiva,"100,56","5,39","127,32","99,58",904318,291165000,"0,0",720734000,12,12,"136,5","170,0","3186,0","124772,0","25,0",Div Yield muito baixo | P/VPC horrivel | Liquidez: muito baixa | Ativos: ok | Vacancia: otima
URPR11,Outros,Ativa,"101,94","12,3","127,82","79,98",1281020,95821800,"0,0",78879300,0,0,"0,0","0,0","0,0","0,0","35,0",Div Yield otimo | P/VPC horrivel | Liquidez: ok | Ativos: extremamente baixo | Vacancia: N/A
VGIP11,Outros,Ativa,"94,91","6,98","115,11","55,86",2419190,399251000,"0,0",336254000,0,0,"0,0","0,0","0,0","0,0","35,0",Div Yield ok | P/VPC horrivel | Liquidez: ok | Ativos: medio | Vacancia: N/A
VGIR11,Títulos e Val. Mob.,Ativa,"96,96","5,5","92,7","65,75",885448,417745000,"0,0",440350000,0,0,"0,0","0,0","0,0","0,0","40,0",Div Yield muito baixo | P/VPC otimo | Liquidez: muito baixa | Ativos: medio | Vacancia: N/A
EVBI11,Híbrido,Ativa,"97,82","4,38","119,99","103,4",98898,120034000,"0,0",128325000,2,29,"116,5","0,0","0,0","0,0","15,0",Div Yield muito baixo | P/VPC horrivel | Liquidez: muito baixa | Ativos: baixo | Vacancia: N/A
RVBI11,Títulos e Val. Mob.,Ativa,"96,29","6,43","96,02","61,37",533062,135806000,"0,0",140703000,0,0,"0,0","0,0","0,0","0,0","45,0",Div Yield ok | P/VPC otimo | Liquidez: muito baixa | Ativos: baixo | Vacancia: N/A
VCJR11,Títulos e Val. Mob.,Ativa,"99,11","4,49","110,23","74,61",781003,1172850000,"0,0",1141450000,0,0,"0,0","0,0","0,0","0,0","50,0",Div Yield muito baixo | P/VPC otimo | Liquidez: muito baixa | Ativos: otimo | Vacancia: N/A
VIFI11,Títulos e Val. Mob.,Ativa,"101,68","5,69","95,68","88,85",471742,254517000,"0,0",288460000,0,0,"0,0","0,0","0,0","0,0","25,0",Div Yield ok | P/VPC horrivel | Liquidez: muito baixa | Ativos: baixo | Vacancia: N/A
VILG11,Logística,Ativa,"114,85","5,76","128,93","79,12",6260450,1280330000,"0,0",1921600000,12,32,"104,6","148,0","3125,0","428767,0","60,0",Div Yield muito baixo | P/VPC otimo | Liquidez: otima | Ativos: otimo | Vacancia: otima
VINO11,Lajes Corporativas,Ativa,"60,53","4,02","63,01","37,63",3017210,770571000,"0,0",935779000,8,8,"105,0","885,0","14963,0","54078,0","60,0",Div Yield ok | P/VPC otimo | Liquidez: ok | Ativos: ok | Vacancia: otima
VISC11,Shoppings,Ativa,"119,37","4,05","116,17","69,67",3837690,1569520000,"0,068",1876810000,15,3191,"105,5","119,0","2875,0","575755,0","44,32",Div Yield muito baixo | P/VPC ok | Liquidez: ok | Ativos: otimo | Vacancia: otima
VOTS11,Títulos e Val. Mob.,Ativa,"98,82","4,0","87,4","69,08",28796,68716800,"0,0",82328300,0,0,"0,0","0,0","0,0","0,0","10,0",Div Yield muito baixo | P/VPC horrivel | Liquidez: muito baixa | Ativos: extremamente baixo | Vacancia: N/A
XPCM11,Lajes Corporativas,Passiva,"73,35","10,33","57,34","32,98",1156370,98635200,"0,0",178248000,1,1,"81,4","1612,0","4081,0","19664,0","25,0",Div Yield perigosamente alto | P/VPC horrivel | Liquidez: ok | Ativos: baixo | Vacancia: otima
XPCI11,Títulos e Val. Mob.,Ativa,"97,31","7,67","95,96","60,08",1908950,621962000,"0,0",646534000,0,0,"0,0","0,0","0,0","0,0","70,0",Div Yield otimo | P/VPC otimo | Liquidez: ok | Ativos: ok | Vacancia: N/A
XPHT11,Hotel,Ativa,"87,04","0,33","99,97","79,7",93226,325297000,"0,0",331182000,11,1041,"98,0","199,0","13253,0","24059,0","40,0",Div Yield muito baixo | P/VPC otimo | Liquidez: muito baixa | Ativos: medio | Vacancia: otima
XPIN11,Outros,Ativa,"110,7","7,37","116,63","79,59",2069190,743294000,"0,01",735110000,89,98,"93,5","188,0","2877,0","241629,0","59,9",Div Yield ok | P/VPC otimo | Liquidez: ok | Ativos: ok | Vacancia: otima
XPLG11,Logística,Ativa,"109,94","4,96","131,08","80,6",8620970,3116620000,"0,0",3118130000,12,12,"46,4","158,0","1964,0","736192,0","60,0",Div Yield muito baixo | P/VPC otimo | Liquidez: otima | Ativos: otimo | Vacancia: otima
XPML11,Shoppings,Ativa,"111,44","3,05","118,91","66,45",5576780,1912170000,"0,087",2333920000,9,1365,"80,4","21,0","617,0","2490903,0","49,13",Div Yield muito baixo | P/VPC ok | Liquidez: otima | Ativos: otimo | Vacancia: otima
XPPR11,Outros,Ativa,"87,55","5,21","89,54","59,11",2793820,528081000,"0,0",806601000,5,5,"94,9","663,0","8338,0","60132,0","40,0",Div Yield ok | P/VPC horrivel | Liquidez: ok | Ativos: ok | Vacancia: otima
XPSF11,Títulos e Val. Mob.,Ativa,"99,25","7,13","96,79","60,59",1707390,414834000,"0,0",438516000,0,0,"0,0","0,0","0,0","0,0","55,0",Div Yield ok | P/VPC otimo | Liquidez: ok | Ativos: medio | Vacancia: N/A
