AFCR11,Híbrido,Ativa,"102,65","6,01","118,4","88,55",226717,139635000,"0,0",123207000,0,0,"0,0","0,0","0,0","0,0","15,0",Div Yield muito baixo | P/VPC horrivel | Liquidez: muito baixa | Ativos: baixo | Vacancia: N/A
ALZR11,Híbrido,Ativa,"102,44","5,37","136,52","75,54",1991610,546452000,"0,0",672696000,10,10,"107,4","222,0","6175,0","95015,0","30,0",Div Yield muito baixo | P/VPC horrivel | Liquidez: ok | Ativos: ok | Vacancia: otima
AIEC11,Lajes Corporativas,Ativa,"100,13","2,81","96,63","88,87",387697,436420000,"0,0",504364000,2,2,"99,3","117,0","18857,0","22989,0","35,0",Div Yield muito baixo | P/VPC ok | Liquidez: muito baixa | Ativos: ok | Vacancia: otima
BCRI11,Títulos e Val. Mob.,Ativa,"107,4","8,59","116,48","80,11",1833640,499400000,"0,0",477945000,0,0,"0,0","0,0","0,0","0,0","45,0",Div Yield ok | P/VPC ok | Liquidez: ok | Ativos: medio | Vacancia: N/A
BNFS11,Outros,Ativa,"103,77","11,61","125,81","95,57",60280,85953000,"0,0",74352200,18,18,"96,5","876,0","8062,0","10293,0","30,0",Div Yield otimo | P/VPC horrivel | Liquidez: muito baixa | Ativos: extremamente baixo | Vacancia: otima
BBFI11,Lajes Corporativas,Passiva,"2531,02","295,97","2495,68","1722,06",404022,292240000,"0,391",343118000,2,2,"94,1","485,0","3186,0","86312,0","36,09",Div Yield otimo | P/VPC horrivel | Liquidez: muito baixa | Ativos: medio | Vacancia: muito alta
BBFO11,Títulos e Val. Mob.,Passiva,"97,35","0,89","99,29","93,0",88848,384374000,"0,0",392261000,0,0,"0,0","0,0","0,0","0,0","40,0",Div Yield muito baixo | P/VPC otimo | Liquidez: muito baixa | Ativos: medio | Vacancia: N/A
BBPO11,Lajes Corporativas,Passiva,"100,71","12,87","152,41","109,68",3368570,1811180000,"0,0",1605040000,63,63,"93,2","434,0","4533,0","372421,0","55,0",Div Yield otimo | P/VPC horrivel | Liquidez: ok | Ativos: otimo | Vacancia: otima
BBRC11,Outros,Passiva,"112,58","11,6","153,55","98,74",232438,192390000,"0,0",179782000,20,20,"95,7","1332,0","12016,0","15319,0","45,0",Div Yield otimo | P/VPC ok | Liquidez: muito baixa | Ativos: baixo | Vacancia: otima
RDPD11,Títulos e Val. Mob.,Ativa,"98,66","4,43","84,55","71,05",90546,88744400,"0,0",106991000,0,0,"0,0","0,0","0,0","0,0","15,0",Div Yield muito baixo | P/VPC horrivel | Liquidez: muito baixa | Ativos: baixo | Vacancia: N/A
RNDP11,Títulos e Val. Mob.,Ativa,"937,37","41,07","867,13","624,66",33022,88111800,"0,0",104162000,0,0,"0,0","0,0","0,0","0,0","15,0",Div Yield muito baixo | P/VPC horrivel | Liquidez: muito baixa | Ativos: baixo | Vacancia: N/A
BLCP11,Outros,Ativa,"103,14","4,13","104,18","90,73",23602,112669000,"0,0",145692000,2,2,"122,2","51,0","3114,0","44200,0","35,0",Div Yield muito baixo | P/VPC otimo | Liquidez: muito baixa | Ativos: baixo | Vacancia: otima
BLMG11,Outros,Ativa,"99,8","3,63","109,99","101,65",685566,202350000,"0,0",200942000,0,0,"0,0","0,0","0,0","0,0","25,0",Div Yield muito baixo | P/VPC ok | Liquidez: muito baixa | Ativos: baixo | Vacancia: N/A
BLMR11,Títulos e Val. Mob.,Ativa,"97,06","0,45","97,02","90,35",653723,237614000,"0,0",254741000,0,0,"0,0","0,0","0,0","0,0","35,0",Div Yield muito baixo | P/VPC otimo | Liquidez: muito baixa | Ativos: baixo | Vacancia: N/A
BCIA11,Títulos e Val. Mob.,Ativa,"115,48","5,84","166,82","100,49",660491,386743000,"0,0",436459000,0,0,"0,0","0,0","0,0","0,0","30,0",Div Yield muito baixo | P/VPC ok | Liquidez: muito baixa | Ativos: medio | Vacancia: N/A
BREV11,Híbrido,Ativa,"105,82","3,78","120,73","92,96",4244,100720000,"0,179",99654500,14,21,"97,3","767,0","16489,0","5944,0","28,21",Div Yield muito baixo | P/VPC otimo | Liquidez: muito baixa | Ativos: extremamente baixo | Vacancia: ok
CARE11,Híbrido,Ativa,"1,56","0,01","1,05","0,55",64432,100165000,"0,0",279195000,2,1,"30,0","0,0","42908,0","700,0","15,0",Div Yield muito baixo | P/VPC horrivel | Liquidez: muito baixa | Ativos: baixo | Vacancia: otima
BRCO11,Logística,Ativa,"108,44","5,96","124,85","88,08",2956170,1616650000,"0,042",1678840000,12,11,"95,8","239,0","3646,0","424608,0","54,58",Div Yield muito baixo | P/VPC otimo | Liquidez: ok | Ativos: otimo | Vacancia: otima
BRIM11,Residencial,Ativa,"990,66","0,0","910,0","910,0",0,112965000,"0,0",135820000,7,0,"52,6","0,0","4309,0","13776,0","25,0",Div Yield muito baixo | P/VPC ok | Liquidez: muito baixa | Ativos: baixo | Vacancia: N/A
BTLG11,Logística,Ativa,"101,15","4,71","117,9","69,2",6555320,1480100000,"0,0",1409250000,8,8,"64,0","116,0","4691,0","202105,0","40,0",Div Yield muito baixo | P/VPC horrivel | Liquidez: otima | Ativos: otimo | Vacancia: otima
CRFF11,Títulos e Val. Mob.,Ativa,"94,14","4,96","88,53","73,55",48456,54513200,"0,0",65395200,0,0,"0,0","0,0","0,0","0,0","20,0",Div Yield ok | P/VPC horrivel | Liquidez: muito baixa | Ativos: extremamente baixo | Vacancia: N/A
CXRI11,Títulos e Val. Mob.,Ativa,"95,99","16,61","181,38","96,1",76149,154424000,"0,0",154566000,0,0,"0,0","0,0","0,0","0,0","40,0",Div Yield perigosamente alto | P/VPC otimo | Liquidez: muito baixa | Ativos: baixo | Vacancia: N/A
CPFF11,Títulos e Val. Mob.,Ativa,"85,64","5,68","84,18","60,72",1520400,324458000,"0,0",346551000,0,0,"0,0","0,0","0,0","0,0","55,0",Div Yield ok | P/VPC otimo | Liquidez: ok | Ativos: medio | Vacancia: N/A
CPTS11,Títulos e Val. Mob.,Ativa,"95,27","7,16","100,44","86,76",8283190,1350900000,"0,0",1298010000,0,0,"0,0","0,0","0,0","0,0","60,0",Div Yield ok | P/VPC ok | Liquidez: otima | Ativos: otimo | Vacancia: N/A
CBOP11,Lajes Corporativas,Passiva,"90,73","5,87","76,92","62,26",439071,105630000,"0,105",129219000,1,30,"98,8","629,0","6494,0","16078,0","23,95",Div Yield ok | P/VPC horrivel | Liquidez: muito baixa | Ativos: baixo | Vacancia: ok
HGFF11,Títulos e Val. Mob.,Ativa,"98,17","5,69","98,48","66,35",807769,264596000,"0,0",286330000,0,0,"0,0","0,0","0,0","0,0","35,0",Div Yield ok | P/VPC ok | Liquidez: muito baixa | Ativos: baixo | Vacancia: N/A
HGLG11,Logística,Ativa,"147,46","9,64","182,46","117,3",9009260,3161940000,"0,053",2793570000,18,65,"68,2","58,0","1077,0","2001097,0","39,47",Div Yield muito baixo | P/VPC horrivel | Liquidez: otima | Ativos: otimo | Vacancia: otima
HGPO11,Lajes Corporativas,Passiva,"243,27","11,26","230,43","164,1",290562,359683000,"0,0",403372000,2,31,"99,9","1471,0","24209,0","14843,0","20,0",Div Yield muito baixo | P/VPC horrivel | Liquidez: muito baixa | Ativos: medio | Vacancia: otima
HGRE11,Lajes Corporativas,Ativa,"169,18","7,44","154,61","115,32",3208110,1650940000,"0,22399999999999998",2158660000,22,159,"99,6","584,0","8101,0","202997,0","32,76",Div Yield muito baixo | P/VPC horrivel | Liquidez: ok | Ativos: otimo | Vacancia: ok
HGCR11,Títulos e Val. Mob.,Ativa,"105,62","6,69","107,94","82,22",2992440,1335480000,"0,0",1325540000,0,0,"0,0","0,0","0,0","0,0","65,0",Div Yield ok | P/VPC otimo | Liquidez: ok | Ativos: otimo | Vacancia: N/A
HGRU11,Híbrido,Ativa,"117,87","6,15","130,6","90,71",6549150,2279640000,"0,0",2217250000,81,81,"74,3","353,0","7113,0","238220,0","50,0",Div Yield muito baixo | P/VPC ok | Liquidez: otima | Ativos: otimo | Vacancia: otima
DEVA11,Títulos e Val. Mob.,Ativa,"100,52","5,61","123,92","87,34",6982540,675533000,"0,0",576293000,0,0,"0,0","0,0","0,0","0,0","35,0",Div Yield muito baixo | P/VPC horrivel | Liquidez: otima | Ativos: ok | Vacancia: N/A
DOVL11,Lajes Corporativas,Passiva,"938,94","30,33","931,32","931,32",999,58000700,"0,624",58703000,2,17,"96,6","397,0","3356,0","16688,0","23,76",Div Yield muito baixo | P/VPC otimo | Liquidez: muito baixa | Ativos: extremamente baixo | Vacancia: muito alta
KINP11,Residencial,Ativa,"9,1","0,49","17,31","8,75",2367,97140400,"0,0",65141800,1,0,"93,6","0,0","0,0","0,0","10,0",Div Yield muito baixo | P/VPC horrivel | Liquidez: muito baixa | Ativos: extremamente baixo | Vacancia: N/A
FLCR11,Títulos e Val. Mob.,Ativa,"101,44","1,75","105,98","101,89",9828,51875000,"0,0",51206100,0,0,"0,0","0,0","0,0","0,0","30,0",Div Yield muito baixo | P/VPC otimo | Liquidez: muito baixa | Ativos: extremamente baixo | Vacancia: N/A
VRTA11,Títulos e Val. Mob.,Ativa,"100,81","7,27","115,91","86,81",2700330,1142000000,"0,0",1024650000,0,0,"0,0","0,0","0,0","0,0","45,0",Div Yield ok | P/VPC horrivel | Liquidez: ok | Ativos: otimo | Vacancia: N/A
BTCR11,Títulos e Val. Mob.,Ativa,"96,42","5,46","91,8","71,5",739833,439980000,"0,0",472536000,0,0,"0,0","0,0","0,0","0,0","30,0",Div Yield muito baixo | P/VPC ok | Liquidez: muito baixa | Ativos: medio | Vacancia: N/A
ANCR11,Shoppings,Ativa,"3323,42","37,53","4000,0","2950,0",226,1393940000,"0,0",1557260000,3,3,"100,1","1270,0","13573,0","102767,0","40,0",Div Yield muito baixo | P/VPC ok | Liquidez: muito baixa | Ativos: otimo | Vacancia: otima
FAED11,Outros,Passiva,"213,85","15,5","219,91","147,4",134834,113657000,"0,0",138757000,3,3,"98,8","295,0","2991,0","37549,0","35,0",Div Yield otimo | P/VPC horrivel | Liquidez: muito baixa | Ativos: baixo | Vacancia: otima
BMLC11,Lajes Corporativas,Ativa,"106,83","6,94","96,4","91,11",92645,93370800,"0,011000000000000001",108933000,2,24,"98,6","1046,0","12665,0","7270,0","24,89",Div Yield ok | P/VPC horrivel | Liquidez: muito baixa | Ativos: baixo | Vacancia: otima
BPRP11,Logística,Passiva,"108,0","9,11","128,27","85,29",7086,169405000,"0,0",146949000,1,1,"99,9","548,0","7280,0","23257,0","25,0",Div Yield ok | P/VPC horrivel | Liquidez: muito baixa | Ativos: baixo | Vacancia: otima
BRCR11,Híbrido,Ativa,"107,5","5,4","93,48","74,59",7434790,2172080000,"0,466",3421970000,10,103,"78,5","310,0","3969,0","429495,0","45,34",Div Yield ok | P/VPC horrivel | Liquidez: otima | Ativos: otimo | Vacancia: muito alta
FEXC11,Títulos e Val. Mob.,Ativa,"95,81","7,31","101,41","63,89",318122,321252000,"0,0",335230000,0,0,"0,0","0,0","0,0","0,0","50,0",Div Yield ok | P/VPC otimo | Liquidez: muito baixa | Ativos: medio | Vacancia: N/A
BCFF11,Títulos e Val. Mob.,Ativa,"84,62","5,63","92,75","59,75",4987890,1791860000,"0,0",1758080000,0,0,"0,0","0,0","0,0","0,0","65,0",Div Yield ok | P/VPC otimo | Liquidez: ok | Ativos: otimo | Vacancia: N/A
FCFL11,Outros,Passiva,"101,4","6,56","117,48","96,34",392678,385615000,"0,0",355848000,1,5,"99,8","808,0","12428,0","30968,0","30,0",Div Yield muito baixo | P/VPC ok | Liquidez: muito baixa | Ativos: medio | Vacancia: otima
CNES11,Lajes Corporativas,Ativa,"91,84","2,94","76,19","45,53",42811,135960000,"0,537",273892000,1,21,"92,2","193,0","1945,0","64480,0","19,63",Div Yield ok | P/VPC horrivel | Liquidez: muito baixa | Ativos: baixo | Vacancia: muito alta
CEOC11,Lajes Corporativas,Passiva,"86,74","5,83","86,83","58,91",132006,129278000,"0,0",158699000,1,60,"88,3","971,0","9555,0","11942,0","35,0",Div Yield otimo | P/VPC horrivel | Liquidez: muito baixa | Ativos: baixo | Vacancia: otima
THRA11,Lajes Corporativas,Passiva,"114,11","6,55","140,47","109,53",167681,198067000,"0,37",169937000,1,11,"97,3","1149,0","18200,0","10586,0","11,3",Div Yield muito baixo | P/VPC horrivel | Liquidez: muito baixa | Ativos: baixo | Vacancia: muito alta
FAMB11,Lajes Corporativas,Passiva,"3500,57","210,52","3519,44","1160,02",102091,128859000,"0,0",368846000,1,12,"90,0","1028,0","2055,0","56429,0","25,0",Div Yield perigosamente alto | P/VPC horrivel | Liquidez: muito baixa | Ativos: medio | Vacancia: otima
EDGA11,Lajes Corporativas,Passiva,"78,51","1,71","36,39","26,5",101999,102468000,"0,456",302713000,1,23,"99,0","390,0","4085,0","24844,0","25,44",Div Yield ok | P/VPC horrivel | Liquidez: muito baixa | Ativos: medio | Vacancia: muito alta
ELDO11,Shoppings,Passiva,"1235,21","17,92","0,0","0,0",0,869375000,"0,011000000000000001",975511000,1,341,"99,4","722,0","11503,0","75085,0","24,89",Div Yield muito baixo | P/VPC horrivel | Liquidez: muito baixa | Ativos: ok | Vacancia: otima
FLRP11,Shoppings,Passiva,"1721,04","57,93","1421,16","1179,44",43059,84801600,"0,012",113105000,1,184,"82,6","61,0","1662,0","42134,0","14,88",Div Yield muito baixo | P/VPC horrivel | Liquidez: muito baixa | Ativos: baixo | Vacancia: otima
HCRI11,Hospital,Passiva,"303,05","33,45","520,76","303,19",53340,95676000,"0,0",61605700,1,1,"100,0","1243,0","17339,0","5518,0","20,0",Div Yield ok | P/VPC horrivel | Liquidez: muito baixa | Ativos: extremamente baixo | Vacancia: otima
NSLU11,Hospital,Passiva,"212,99","25,3","286,86","182,02",250808,317087000,"0,0",248213000,1,1,"99,0","1602,0","13346,0","23523,0","35,0",Div Yield otimo | P/VPC horrivel | Liquidez: muito baixa | Ativos: baixo | Vacancia: otima
HTMX11,Hotel,Ativa,"131,03","0,0","147,0","90,46",339635,130856000,"0,0",165261000,23,456,"98,9","1,0","55,0","2366649,0","15,0",Div Yield muito baixo | P/VPC horrivel | Liquidez: muito baixa | Ativos: baixo | Vacancia: otima
MAXR11,Outros,Ativa,"2235,16","146,99","2001,31","1500,44",88186,108419000,"0,0",134532000,11,12,"99,3","138,0","1774,0","60713,0","35,0",Div Yield otimo | P/VPC horrivel | Liquidez: muito baixa | Ativos: baixo | Vacancia: otima
NCHB11,Títulos e Val. Mob.,Ativa,"92,73","7,91","103,55","79,8",845309,56816600,"0,0",53479600,0,0,"0,0","0,0","0,0","0,0","30,0",Div Yield ok | P/VPC ok | Liquidez: muito baixa | Ativos: extremamente baixo | Vacancia: N/A
NVHO11,Hospital,Ativa,"12,36","0,9","21,14","9,61",12561,641505000,"0,0",518073000,4,45,"99,6","1609,0","21037,0","30359,0","25,0",Div Yield muito baixo | P/VPC horrivel | Liquidez: muito baixa | Ativos: ok | Vacancia: otima
PQDP11,Shoppings,Passiva,"3603,43","74,22","3194,92","2364,27",213725,655812000,"0,033",867536000,1,473,"48,4","96,0","2495,0","127321,0","24,67",Div Yield muito baixo | P/VPC horrivel | Liquidez: muito baixa | Ativos: ok | Vacancia: otima
RBRM11,Híbrido,Ativa,"163668,45","58969,76","160000,0","160000,0",0,86240000,"0,0",95386900,0,0,"0,0","0,0","0,0","0,0","35,0",Div Yield perigosamente alto | P/VPC otimo | Liquidez: muito baixa | Ativos: extremamente baixo | Vacancia: N/A
RBRR11,Títulos e Val. Mob.,Ativa,"99,13","6,33","99,07","70,58",2151240,754376000,"0,0",775519000,0,0,"0,0","0,0","0,0","0,0","60,0",Div Yield ok | P/VPC otimo | Liquidez: ok | Ativos: ok | Vacancia: N/A
RECR11,Títulos e Val. Mob.,Ativa,"95,8","6,66","114,21","85,76",7803610,1509050000,"0,0",1376950000,0,0,"0,0","0,0","0,0","0,0","50,0",Div Yield ok | P/VPC horrivel | Liquidez: otima | Ativos: otimo | Vacancia: N/A
RECT11,Híbrido,Ativa,"95,98","8,75","95,05","68,91",2885650,599472000,"0,135",917846000,8,235,"124,8","970,0","8480,0","88248,0","48,65",Div Yield otimo | P/VPC horrivel | Liquidez: ok | Ativos: ok | Vacancia: ok
JRDM11,Shoppings,Passiva,"87,44","1,46","80,25","65,03",76486,166541000,"0,05",222689000,1,229,"96,5","252,0","5616,0","28620,0","14,5",Div Yield muito baixo | P/VPC horrivel | Liquidez: muito baixa | Ativos: baixo | Vacancia: otima
SHDP11,Shoppings,Passiva,"1476,74","39,66","0,0","0,0",0,1738360000,"0,033",2129480000,1,473,"97,7","454,0","13342,0","127321,0","29,67",Div Yield muito baixo | P/VPC horrivel | Liquidez: muito baixa | Ativos: otimo | Vacancia: otima
SAIC11,Lajes Corporativas,Passiva,"55,01","0,0","50,0","32,33",8,50055200,"1,0",78911000,1,22,"93,8","0,0","4200,0","11179,0","0,0",Div Yield muito baixo | P/VPC horrivel | Liquidez: muito baixa | Ativos: extremamente baixo | Vacancia: muito alta
TBOF11,Lajes Corporativas,Passiva,"0,17","7,73","101,5","97,15",0,1020080000,"0,0",1971470,0,0,"0,0","0,0","0,0","0,0","20,0",Div Yield ok | P/VPC horrivel | Liquidez: muito baixa | Ativos: extremamente baixo | Vacancia: N/A
ALMI11,Lajes Corporativas,Passiva,"1990,69","0,0","1400,0","1120,0",194284,124518000,"0,68",226290000,1,27,"96,0","269,0","7204,0","16588,0","8,2",Div Yield muito baixo | P/VPC horrivel | Liquidez: muito baixa | Ativos: baixo | Vacancia: muito alta
TRNT11,Lajes Corporativas,Passiva,"207,4","5,67","227,8","153,21",124333,757084000,"0,494",827231000,1,88,"97,8","625,0","11972,0","61855,0","30,06",Div Yield muito baixo | P/VPC ok | Liquidez: muito baixa | Ativos: ok | Vacancia: muito alta
VLOL11,Lajes Corporativas,Passiva,"96,89","5,3","108,25","84,37",158986,182945000,"0,11800000000000001",174201000,1,24,"99,2","1063,0","17499,0","10368,0","23,82",Div Yield muito baixo | P/VPC ok | Liquidez: muito baixa | Ativos: baixo | Vacancia: ok
OUFF11,Títulos e Val. Mob.,Ativa,"90,74","5,74","91,53","53,16",315208,150590000,"0,0",166036000,0,0,"0,0","0,0","0,0","0,0","35,0",Div Yield ok | P/VPC ok | Liquidez: muito baixa | Ativos: baixo | Vacancia: N/A
WTSP11,Híbrido,Ativa,"79,78","1,93","62,43","39,46",24504,49132000,"0,081",83454800,1,11,"100,6","396,0","4024,0","12283,0","9,19",Div Yield muito baixo | P/VPC horrivel | Liquidez: muito baixa | Ativos: extremamente baixo | Vacancia: otima
VVPR11,Lajes Corporativas,Ativa,"100,26","6,11","102,3","70,76",116071,231730000,"0,0",234272000,5,5,"78,1","426,0","5465,0","33110,0","45,0",Div Yield ok | P/VPC otimo | Liquidez: muito baixa | Ativos: baixo | Vacancia: otima
LVBI11,Logística,Ativa,"110,13","5,24","127,51","78,36",2780350,1342370000,"0,009000000000000001",1439780000,6,6,"86,2","290,0","4811,0","240417,0","54,91",Div Yield muito baixo | P/VPC otimo | Liquidez: ok | Ativos: otimo | Vacancia: otima
BARI11,Títulos e Val. Mob.,Ativa,"101,52","7,99","113,98","68,67",1896210,453235000,"0,0",415657000,0,0,"0,0","0,0","0,0","0,0","35,0",Div Yield ok | P/VPC horrivel | Liquidez: ok | Ativos: medio | Vacancia: N/A
BPFF11,Outros,Ativa,"86,57","4,96","92,0","72,56",1266980,349009000,"0,0",391625000,0,0,"0,0","0,0","0,0","0,0","35,0",Div Yield ok | P/VPC horrivel | Liquidez: ok | Ativos: medio | Vacancia: N/A
BVAR11,Outros,Passiva,"1114,8","111,32","0,0","0,0",0,62560300,"0,009000000000000001",698834000,73,73,"89,8","403,0","396,0","141862,0","29,91",Div Yield perigosamente alto | P/VPC horrivel | Liquidez: muito baixa | Ativos: ok | Vacancia: otima
BPML11,Shoppings,Ativa,"137,96","1,69","114,09","88,42",448967,380655000,"0,068",1058660000,4,632,"138,9","321,0","4662,0","113440,0","29,32",Div Yield muito baixo | P/VPC horrivel | Liquidez: muito baixa | Ativos: otimo | Vacancia: otima
CXCE11,Lajes Corporativas,Passiva,"81,1","10,41","104,26","68,1",97523,132051000,"0,0",140887000,1,1,"95,7","974,0","6336,0","19938,0","55,0",Div Yield otimo | P/VPC otimo | Liquidez: muito baixa | Ativos: baixo | Vacancia: otima
CXTL11,Logística,Passiva,"729,59","6,03","419,77","275,76",137723,18979200,"0,722",40664800,4,4,"99,2","78,0","796,0","23662,0","2,78",Div Yield muito baixo | P/VPC horrivel | Liquidez: muito baixa | Ativos: extremamente baixo | Vacancia: muito alta
CTXT11,Lajes Corporativas,Passiva,"48,36","3,69","52,01","29,54",31039,77828400,"0,58",125678000,1,1,"98,0","308,0","1678,0","45450,0","29,2",Div Yield otimo | P/VPC horrivel | Liquidez: muito baixa | Ativos: baixo | Vacancia: muito alta
FLMA11,Híbrido,Ativa,"3,12","0,1","3,42","2,71",195199,189842000,"0,0",216879000,1,135,"98,0","562,0","10758,0","17292,0","15,0",Div Yield muito baixo | P/VPC horrivel | Liquidez: muito baixa | Ativos: baixo | Vacancia: otima
EDFO11,Lajes Corporativas,Passiva,"213,76","17,96","263,11","191,06",87094,58351000,"0,0",50864200,1,1,"98,8","15966,0","164692,0","350,0","20,0",Div Yield ok | P/VPC horrivel | Liquidez: muito baixa | Ativos: extremamente baixo | Vacancia: otima
EURO11,Logística,Passiva,"283,18","12,5","222,44","113,26",169237,80580500,"0,0",111767000,7,9,"98,8","47,0","682,0","116761,0","15,0",Div Yield muito baixo | P/VPC horrivel | Liquidez: muito baixa | Ativos: baixo | Vacancia: otima
GESE11,Outros,Passiva,"1347,08","83,5","1520,0","1516,81",0,79040000,"0,0",71188700,1,1,"97,4","351,0","6091,0","12635,0","10,0",Div Yield muito baixo | P/VPC horrivel | Liquidez: muito baixa | Ativos: extremamente baixo | Vacancia: otima
ABCP11,Shoppings,Passiva,"88,12","2,81","89,91","67,72",286347,964103000,"0,022000000000000002",1082620000,1,296,"98,3","745,0","13605,0","69628,0","29,78",Div Yield muito baixo | P/VPC horrivel | Liquidez: muito baixa | Ativos: otimo | Vacancia: otima
GTWR11,Lajes Corporativas,Ativa,"100,83","8,23","115,13","92,79",1878210,1270800000,"0,0",1210530000,3,48,"99,0","1030,0","14112,0","89154,0","55,0",Div Yield ok | P/VPC ok | Liquidez: ok | Ativos: otimo | Vacancia: otima
HBTT11,Títulos e Val. Mob.,Ativa,"886,32","0,0","1324,32","945,0",0,190126000,"0,0",0,0,0,"0,0","0,0","0,0","0,0","10,0",Div Yield muito baixo | P/VPC horrivel | Liquidez: muito baixa | Ativos: extremamente baixo | Vacancia: N/A
HUSC11,Outros,Passiva,"129,75","6,73","158,48","123,63",17413,110372000,"0,0",108539000,1,1,"99,2","72,0","1495,0","73270,0","25,0",Div Yield muito baixo | P/VPC ok | Liquidez: muito baixa | Ativos: baixo | Vacancia: otima
FIIB11,Híbrido,Passiva,"442,58","28,25","541,18","383,12",402226,344500000,"0,004",306211000,11,79,"96,6","42,0","611,0","544558,0","19,96",Div Yield muito baixo | P/VPC horrivel | Liquidez: muito baixa | Ativos: medio | Vacancia: otima
FMOF11,Lajes Corporativas,Passiva,"132,22","1,08","101,58","70,0",15987,35580900,"0,37799999999999995",67276100,2,96,"98,3","182,0","2108,0","16595,0","6,22",Div Yield muito baixo | P/VPC horrivel | Liquidez: muito baixa | Ativos: extremamente baixo | Vacancia: muito alta
MBRF11,Outros,Ativa,"1138,69","96,5","1291,29","810,01",138306,82348900,"0,0",116779000,2,2,"96,5","656,0","4615,0","17216,0","35,0",Div Yield otimo | P/VPC horrivel | Liquidez: muito baixa | Ativos: baixo | Vacancia: otima
MGFF11,Títulos e Val. Mob.,Ativa,"88,57","6,72","94,48","68,02",2281990,777539000,"0,0",811555000,0,0,"0,0","0,0","0,0","0,0","60,0",Div Yield ok | P/VPC otimo | Liquidez: ok | Ativos: ok | Vacancia: N/A
NPAR11,Outros,Ativa,"122,79","0,0","144,0","103,06",67464,16714400,"0,0",14911200,0,0,"0,0","0,0","0,0","0,0","10,0",Div Yield muito baixo | P/VPC horrivel | Liquidez: muito baixa | Ativos: extremamente baixo | Vacancia: N/A
OULG11,Logística,Ativa,"94,26","7,27","97,13","70,7",269882,178628000,"0,0",263885000,2,2,"102,6","304,0","1781,0","102891,0","35,0",Div Yield otimo | P/VPC horrivel | Liquidez: muito baixa | Ativos: baixo | Vacancia: otima
FPNG11,Lajes Corporativas,Ativa,"166,77","5,55","0,0","0,0",0,99050000,"0,27399999999999997",165895000,6,22,"92,8","429,0","6155,0","14939,0","12,26",Div Yield muito baixo | P/VPC horrivel | Liquidez: muito baixa | Ativos: baixo | Vacancia: ok
FPAB11,Lajes Corporativas,Passiva,"448,97","20,48","325,3","261,86",41165,200250000,"0,315",341928000,2,76,"98,9","438,0","4378,0","45242,0","26,85",Div Yield ok | P/VPC horrivel | Liquidez: muito baixa | Ativos: medio | Vacancia: muito alta
RBRY11,Títulos e Val. Mob.,Ativa,"104,93","8,22","105,45","83,31",568560,206079000,"0,0",209223000,0,0,"0,0","0,0","0,0","0,0","45,0",Div Yield ok | P/VPC otimo | Liquidez: muito baixa | Ativos: baixo | Vacancia: N/A
RBRP11,Outros,Ativa,"87,67","6,06","94,86","59,21",3539520,778724000,"0,037000000000000005",986836000,11,125,"97,8","365,0","14500,0","52521,0","59,63",Div Yield ok | P/VPC otimo | Liquidez: ok | Ativos: ok | Vacancia: otima
RCRB11,Lajes Corporativas,Ativa,"197,68","9,43","175,32","111,13",678296,575047000,"0,07400000000000001",733970000,10,34,"87,0","820,0","14151,0","35354,0","34,26",Div Yield ok | P/VPC horrivel | Liquidez: muito baixa | Ativos: ok | Vacancia: otima
RBED11,Outros,Ativa,"150,56","12,07","163,05","111,29",486347,263195000,"0,0",294957000,5,5,"99,4","275,0","3096,0","84466,0","55,0",Div Yield otimo | P/VPC otimo | Liquidez: muito baixa | Ativos: baixo | Vacancia: otima
RBVA11,Outros,Ativa,"114,42","9,44","139,14","98,84",1904550,1235300000,"0,009000000000000001",1596560000,86,87,"106,2","702,0","8745,0","149986,0","64,91",Div Yield otimo | P/VPC ok | Liquidez: ok | Ativos: otimo | Vacancia: otima
RNGO11,Lajes Corporativas,Passiva,"101,18","5,24","77,56","59,91",344044,171264000,"0,179",272002000,4,837,"98,5","352,0","3144,0","53664,0","33,21",Div Yield otimo | P/VPC horrivel | Liquidez: muito baixa | Ativos: baixo | Vacancia: ok
FISC11,Lajes Corporativas,Ativa,"157,37","0,51","165,0","160,9",0,260136000,"0,627",260291000,4,414,"101,3","449,0","28462,0","9255,0","28,73",Div Yield muito baixo | P/VPC otimo | Liquidez: muito baixa | Ativos: baixo | Vacancia: muito alta
SCPF11,Shoppings,Ativa,"12,65","0,29","10,19","8,55",12036,38010000,"0,223",54344000,1,52,"97,6","599,0","7798,0","4756,0","7,77",Div Yield muito baixo | P/VPC horrivel | Liquidez: muito baixa | Ativos: extremamente baixo | Vacancia: ok
SDIL11,Logística,Ativa,"103,81","4,92","104,61","66,28",1322440,639377000,"0,06",687505000,4,32,"64,5","170,0","2007,0","205310,0","49,4",Div Yield muito baixo | P/VPC otimo | Liquidez: ok | Ativos: ok | Vacancia: otima
SHPH11,Shoppings,Passiva,"820,11","24,92","924,36","718,69",231809,510909000,"0,09",501479000,1,311,"99,0","826,0","14814,0","34127,0","44,1",Div Yield muito baixo | P/VPC otimo | Liquidez: muito baixa | Ativos: ok | Vacancia: otima
TGAR11,Híbrido,Ativa,"129,87","8,76","143,41","80,65",4468710,1017450000,"0,0",1054930000,4,864,"59,4","0,0","2312,0","261308,0","55,0",Div Yield ok | P/VPC ok | Liquidez: ok | Ativos: otimo | Vacancia: otima
ONEF11,Lajes Corporativas,Passiva,"160,46","7,57","148,12","123,3",75015,129207000,"0,10300000000000001",146278000,1,16,"98,6","1349,0","21175,0","6015,0","13,97",Div Yield muito baixo | P/VPC horrivel | Liquidez: muito baixa | Ativos: baixo | Vacancia: ok
TOUR11,Residencial,Ativa,"453,73","8,86","134,99","97,99",5259,1167000,"0,0",6007480,1,0,"1977,7","0,0","3886,0","5939,0","20,0",Div Yield ok | P/VPC horrivel | Liquidez: muito baixa | Ativos: extremamente baixo | Vacancia: N/A
VERE11,Outros,Ativa,"312,52","17,39","0,0","0,0",0,141372000,"0,0",173450000,3,132,"90,9","205,0","1674,0","76723,0","25,0",Div Yield ok | P/VPC horrivel | Liquidez: muito baixa | Ativos: baixo | Vacancia: otima
FVPQ11,Shoppings,Passiva,"196,23","3,24","170,65","128,11",194930,383592000,"0,06",555019000,1,213,"98,3","678,0","6614,0","57000,0","24,4",Div Yield muito baixo | P/VPC horrivel | Liquidez: muito baixa | Ativos: ok | Vacancia: otima
VTLT11,Logística,Ativa,"102,2","8,0","116,46","81,51",414148,240687000,"0,0",216373000,1,1,"97,2","76,0","939,0","249303,0","25,0",Div Yield ok | P/VPC horrivel | Liquidez: muito baixa | Ativos: baixo | Vacancia: otima
VSEC11,Títulos e Val. Mob.,Ativa,"97,58","3,65","93,5","67,58",111217,767247000,"0,0",883205000,0,0,"0,0","0,0","0,0","0,0","45,0",Div Yield muito baixo | P/VPC otimo | Liquidez: muito baixa | Ativos: ok | Vacancia: N/A
VSHO11,Shoppings,Ativa,"100,19","0,76","91,75","70,0",55922,148070000,"0,08",212410000,3,258,"97,6","186,0","1950,0","74109,0","14,2",Div Yield muito baixo | P/VPC horrivel | Liquidez: muito baixa | Ativos: baixo | Vacancia: otima
IBFF11,Títulos e Val. Mob.,Ativa,"87,43","4,72","82,8","58,59",226380,48914400,"0,0",58725700,0,0,"0,0","0,0","0,0","0,0","20,0",Div Yield ok | P/VPC horrivel | Liquidez: muito baixa | Ativos: extremamente baixo | Vacancia: N/A
PLCR11,Híbrido,Ativa,"98,26","5,9","94,8","54,14",666092,199949000,"0,0",209324000,0,0,"0,0","0,0","0,0","0,0","45,0",Div Yield ok | P/VPC otimo | Liquidez: muito baixa | Ativos: baixo | Vacancia: N/A
RELG11,Híbrido,Ativa,"96,35","2,39","117,66","95,44",124349,90445300,"0,187",153134000,2,2,"162,8","9,0","5001,0","29442,0","33,13",Div Yield muito baixo | P/VPC otimo | Liquidez: muito baixa | Ativos: baixo | Vacancia: ok
CVBI11,Títulos e Val. Mob.,Ativa,"100,16","11,23","109,95","60,18",3224160,380722000,"0,0",602986000,0,0,"0,0","0,0","0,0","0,0","60,0",Div Yield otimo | P/VPC ok | Liquidez: ok | Ativos: ok | Vacancia: N/A
MCCI11,Títulos e Val. Mob.,Ativa,"99,7","6,48","105,3","70,71",3306630,927825000,"0,0",907785000,0,0,"0,0","0,0","0,0","0,0","60,0",Div Yield ok | P/VPC otimo | Liquidez: ok | Ativos: ok | Vacancia: N/A
ARRI11,Títulos e Val. Mob.,Ativa,"95,29","8,08","99,88","49,25",107019,37581600,"0,0",37849000,0,0,"0,0","0,0","0,0","0,0","50,0",Div Yield otimo | P/VPC otimo | Liquidez: muito baixa | Ativos: extremamente baixo | Vacancia: N/A
BTAL11,,Ativa,"100,1","0,16","105,04","100,46",860886,621786000,"0,0",613771000,0,0,"24,7","0,0","0,0","0,0","45,0",Div Yield muito baixo | P/VPC otimo | Liquidez: muito baixa | Ativos: ok | Vacancia: N/A
HOSI11,Híbrido,Ativa,"92,93","3,32","93,05","65,41",50440,47584900,"0,0",53666600,0,0,"0,0","0,0","0,0","0,0","10,0",Div Yield muito baixo | P/VPC horrivel | Liquidez: muito baixa | Ativos: extremamente baixo | Vacancia: N/A
MGHT11,Títulos e Val. Mob.,Ativa,"100,33","5,66","103,64","80,03",92728,104797000,"0,0",114647000,1,6,"32,9","0,0","9930,0","3468,0","35,0",Div Yield muito baixo | P/VPC otimo | Liquidez: muito baixa | Ativos: baixo | Vacancia: otima
PVBI11,Lajes Corporativas,Ativa,"96,44","2,86","98,74","92,47",3042500,939827000,"0,0",948474000,2,32,"83,0","484,0","17548,0","44452,0","50,0",Div Yield muito baixo | P/VPC otimo | Liquidez: ok | Ativos: ok | Vacancia: otima
MGCR11,Títulos e Val. Mob.,Ativa,"95,36","3,04","103,0","90,99",423550,73785100,"0,0",69909500,0,0,"0,0","0,0","0,0","0,0","20,0",Div Yield muito baixo | P/VPC ok | Liquidez: muito baixa | Ativos: extremamente baixo | Vacancia: N/A
RFOF11,Títulos e Val. Mob.,Ativa,"94,84","5,34","89,89","56,32",329421,94716700,"0,0",103104000,0,0,"0,0","0,0","0,0","0,0","35,0",Div Yield ok | P/VPC ok | Liquidez: muito baixa | Ativos: baixo | Vacancia: N/A
HBRH11,Híbrido,Ativa,"109,32","8,11","108,0","91,28",112930,231753000,"0,0",247485000,4,283,"99,3","700,0","8706,0","26447,0","35,0",Div Yield ok | P/VPC ok | Liquidez: muito baixa | Ativos: baixo | Vacancia: otima
IRDM11,Títulos e Val. Mob.,Ativa,"99,66","10,31","143,65","70,88",10548600,2166560000,"0,0",1618460000,0,0,"0,0","0,0","0,0","0,0","50,0",Div Yield ok | P/VPC horrivel | Liquidez: otima | Ativos: otimo | Vacancia: N/A
KFOF11,Títulos e Val. Mob.,Ativa,"106,94","5,59","111,33","69,35",758959,431345000,"0,0",488125000,0,0,"0,0","0,0","0,0","0,0","20,0",Div Yield muito baixo | P/VPC horrivel | Liquidez: muito baixa | Ativos: medio | Vacancia: N/A
OURE11,Títulos e Val. Mob.,Ativa,"99,44","2,39","94,09","86,0",161377,73700800,"0,0",85382000,5,29,"36,4","44,0","3611,0","7424,0","10,0",Div Yield muito baixo | P/VPC horrivel | Liquidez: muito baixa | Ativos: extremamente baixo | Vacancia: otima
FATN11,Híbrido,Ativa,"100,4","4,83","108,03","88,81",36129,55116000,"0,0",54633600,10,13,"99,8","1333,0","23122,0","2378,0","30,0",Div Yield muito baixo | P/VPC otimo | Liquidez: muito baixa | Ativos: extremamente baixo | Vacancia: otima
RZTR11,Híbrido,Ativa,"96,67","3,21","106,92","94,56",2595620,500409000,"0,0",480078000,9,9,"96,9","0,0","2,0","272049312,0","35,0",Div Yield muito baixo | P/VPC ok | Liquidez: ok | Ativos: medio | Vacancia: otima
GCFF11,Títulos e Val. Mob.,Ativa,"99,42","3,95","109,83","91,55",92790,33003100,"0,0",34824200,0,0,"0,0","0,0","0,0","0,0","30,0",Div Yield muito baixo | P/VPC otimo | Liquidez: muito baixa | Ativos: extremamente baixo | Vacancia: N/A
FIGS11,Shoppings,Passiva,"94,07","1,88","67,77","48,07",335979,173080000,"0,12300000000000001",269048000,2,327,"95,1","119,0","2691,0","61137,0","13,77",Div Yield muito baixo | P/VPC horrivel | Liquidez: muito baixa | Ativos: baixo | Vacancia: ok
GGRC11,Logística,Ativa,"124,39","7,56","145,05","89,64",2176380,1029930000,"0,0",971598000,15,16,"74,6","95,0","1146,0","671020,0","40,0",Div Yield muito baixo | P/VPC ok | Liquidez: ok | Ativos: ok | Vacancia: otima
GRLV11,Logística,Passiva,"5,97","59,35","145,5","93,84",0,156199000,"0,037000000000000005",159523000,1,16,"0,0","183,0","0,0","55202,0","19,63",Div Yield perigosamente alto | P/VPC horrivel | Liquidez: muito baixa | Ativos: baixo | Vacancia: otima
GALG11,Híbrido,Ativa,"86,98","3,21","115,54","108,41",2921590,628772000,"0,0",883419000,5,20,"168,6","10,0","1550,0","684300,0","30,0",Div Yield muito baixo | P/VPC horrivel | Liquidez: ok | Ativos: ok | Vacancia: otima
HABT11,Títulos e Val. Mob.,Ativa,"101,52","11,51","122,97","70,32",2223480,640848000,"0,0",559941000,0,0,"0,0","0,0","0,0","0,0","50,0",Div Yield otimo | P/VPC horrivel | Liquidez: ok | Ativos: ok | Vacancia: N/A
HCTR11,Títulos e Val. Mob.,Ativa,"117,88","12,67","151,21","64,39",8284170,1041480000,"0,0",1102630000,0,0,"0,0","0,0","0,0","0,0","60,0",Div Yield otimo | P/VPC horrivel | Liquidez: otima | Ativos: otimo | Vacancia: N/A
HAAA11,Lajes Corporativas,Ativa,"97,34","2,17","105,0","99,49",5490,284550000,"0,0",265272000,1,29,"98,8","66,0","6005,0","46814,0","25,0",Div Yield muito baixo | P/VPC ok | Liquidez: muito baixa | Ativos: baixo | Vacancia: otima
ATSA11,Shoppings,Passiva,"98,89","0,0","139,49","105,0",31537,197721000,"0,185",173273000,1,234,"98,1","36,0","5954,0","32559,0","13,15",Div Yield muito baixo | P/VPC horrivel | Liquidez: muito baixa | Ativos: baixo | Vacancia: ok
HGBS11,Shoppings,Ativa,"220,42","6,01","220,17","175,33",2146990,1990200000,"0,064",2229020000,11,1780,"63,0","128,0","3907,0","320785,0","44,36",Div Yield muito baixo | P/VPC ok | Liquidez: ok | Ativos: otimo | Vacancia: otima
HLOG11,Logística,Ativa,"120,07","4,16","119,51","98,2",638454,494105000,"0,0",690732000,3,23,"123,9","35,0","1413,0","433196,0","45,0",Div Yield muito baixo | P/VPC otimo | Liquidez: muito baixa | Ativos: ok | Vacancia: otima
HRDF11,Híbrido,Ativa,"1,81","0,0","2,54","1,5",21889,12746400,"0,0",14421300,0,0,"0,0","0,0","0,0","0,0","20,0",Div Yield muito baixo | P/VPC ok | Liquidez: muito baixa | Ativos: extremamente baixo | Vacancia: N/A
HREC11,Títulos e Val. Mob.,Ativa,"99,21","3,83","103,7","99,77",2264400,93357000,"0,0",97243600,0,0,"0,0","0,0","0,0","0,0","35,0",Div Yield muito baixo | P/VPC otimo | Liquidez: ok | Ativos: extremamente baixo | Vacancia: N/A
HPDP11,Shoppings,Passiva,"100,66","2,23","93,0","68,25",185706,238523000,"0,034",293928000,1,390,"98,5","62,0","1852,0","126870,0","14,66",Div Yield muito baixo | P/VPC horrivel | Liquidez: muito baixa | Ativos: baixo | Vacancia: otima
HMOC11,Shoppings,Passiva,"238,79","103,58","231,3","146,78",15204,86698800,"0,019",91692300,1,139,"99,3","120,0","2891,0","29784,0","34,81",Div Yield perigosamente alto | P/VPC otimo | Liquidez: muito baixa | Ativos: extremamente baixo | Vacancia: otima
HFOF11,Títulos e Val. Mob.,Ativa,"97,0","6,46","112,92","78,37",3480280,2163970000,"0,0",2106140000,0,0,"0,0","0,0","0,0","0,0","65,0",Div Yield ok | P/VPC otimo | Liquidez: ok | Ativos: otimo | Vacancia: N/A
HSAF11,Títulos e Val. Mob.,Ativa,"98,78","3,16","99,98","86,77",328395,86612900,"0,0",90661500,0,0,"0,0","0,0","0,0","0,0","30,0",Div Yield muito baixo | P/VPC otimo | Liquidez: muito baixa | Ativos: extremamente baixo | Vacancia: N/A
HSLG11,Logística,Ativa,"105,46","1,47","113,91","105,16",1392880,1337540000,"0,0",1342930000,5,16,"93,9","152,0","2931,0","428600,0","55,0",Div Yield muito baixo | P/VPC otimo | Liquidez: ok | Ativos: otimo | Vacancia: otima
HSML11,Shoppings,Ativa,"97,2","3,96","97,03","64,81",3235660,1364080000,"0,06",1547530000,6,781,"95,9","370,0","8673,0","150818,0","34,4",Div Yield muito baixo | P/VPC horrivel | Liquidez: ok | Ativos: otimo | Vacancia: otima
HSRE11,Híbrido,Ativa,"96,83","1,08","87,25","85,99",97560,743201000,"0,0",829997000,27,27,"97,8","439,0","7244,0","100295,0","35,0",Div Yield muito baixo | P/VPC ok | Liquidez: muito baixa | Ativos: ok | Vacancia: otima
IFIE11,Títulos e Val. Mob.,Passiva,"92,56","1,99","99,61","92,58",120341,89437100,"0,0",83776100,0,0,"0,0","0,0","0,0","0,0","20,0",Div Yield muito baixo | P/VPC ok | Liquidez: muito baixa | Ativos: extremamente baixo | Vacancia: N/A
BICR11,Títulos e Val. Mob.,Ativa,"99,8","3,12","104,23","91,19",7126,46355000,"0,0",50072400,0,0,"0,0","0,0","0,0","0,0","20,0",Div Yield muito baixo | P/VPC ok | Liquidez: muito baixa | Ativos: extremamente baixo | Vacancia: N/A
JFLL11,Residencial,Ativa,"93,89","0,68","94,31","88,65",191733,138805000,"0,0",141943000,0,0,"98,7","0,0","0,0","0,0","35,0",Div Yield muito baixo | P/VPC otimo | Liquidez: muito baixa | Ativos: baixo | Vacancia: N/A
RBBV11,Títulos e Val. Mob.,Passiva,"100,23","5,75","99,78","77,81",74507,120086000,"0,0",125791000,0,0,"0,0","0,0","0,0","0,0","45,0",Div Yield ok | P/VPC otimo | Liquidez: muito baixa | Ativos: baixo | Vacancia: N/A
JPPA11,Títulos e Val. Mob.,Ativa,"104,07","7,56","104,81","84,06",70998,59430100,"0,0",63445700,0,0,"0,0","0,0","0,0","0,0","30,0",Div Yield ok | P/VPC ok | Liquidez: muito baixa | Ativos: extremamente baixo | Vacancia: N/A
JPPC11,Híbrido,Ativa,"458,83","14,73","0,0","0,0",0,22110000,"0,0",25321500,0,0,"0,0","0,0","0,0","0,0","10,0",Div Yield muito baixo | P/VPC horrivel | Liquidez: muito baixa | Ativos: extremamente baixo | Vacancia: N/A
JSRE11,Híbrido,Ativa,"113,78","5,9","99,1","76,27",3251860,1906230000,"0,079",2433140000,4,124,"80,6","1008,0","15484,0","99238,0","44,21",Div Yield ok | P/VPC horrivel | Liquidez: ok | Ativos: otimo | Vacancia: otima
KISU11,Títulos e Val. Mob.,Ativa,"97,33","1,62","117,5","103,66",1952510,87054100,"0,0",74851600,0,0,"0,0","0,0","0,0","0,0","15,0",Div Yield muito baixo | P/VPC horrivel | Liquidez: ok | Ativos: extremamente baixo | Vacancia: N/A
KNHY11,Títulos e Val. Mob.,Ativa,"103,48","9,37","116,68","83,21",1504550,1222500000,"0,0",1121410000,0,0,"0,0","0,0","0,0","0,0","55,0",Div Yield otimo | P/VPC horrivel | Liquidez: ok | Ativos: otimo | Vacancia: N/A
KNRE11,Residencial,Ativa,"3,22","0,05","3,49","2,94",36460,59721900,"0,0",59882700,1,0,"10,5","0,0","0,0","0,0","30,0",Div Yield muito baixo | P/VPC otimo | Liquidez: muito baixa | Ativos: extremamente baixo | Vacancia: N/A
KNIP11,Títulos e Val. Mob.,Ativa,"103,63","8,28","117,08","88,21",17981000,5379960000,"0,0",4945800000,0,0,"0,0","0,0","0,0","0,0","50,0",Div Yield ok | P/VPC horrivel | Liquidez: otima | Ativos: otimo | Vacancia: N/A
KNRI11,Híbrido,Ativa,"156,05","7,74","166,24","126,16",4685000,3534270000,"0,003",3876390000,18,238,"79,8","376,0","4873,0","578488,0","44,97",Div Yield muito baixo | P/VPC ok | Liquidez: ok | Ativos: otimo | Vacancia: otima
KNCR11,Títulos e Val. Mob.,Ativa,"98,25","3,73","93,41","82,06",4420520,3652060000,"0,0",3854210000,0,0,"0,0","0,0","0,0","0,0","55,0",Div Yield muito baixo | P/VPC otimo | Liquidez: ok | Ativos: otimo | Vacancia: N/A
KNSC11,Títulos e Val. Mob.,Ativa,"94,18","3,72","107,47","91,25",2547220,276848000,"0,0",251127000,0,0,"0,0","0,0","0,0","0,0","20,0",Div Yield muito baixo | P/VPC horrivel | Liquidez: ok | Ativos: baixo | Vacancia: N/A
LATR11,Residencial,Ativa,"29,27","3,67","234,12","144,88",2101,22338700,"0,0",3768330,1,1,"7,7","0,0","21200,0","81,0","10,0",Div Yield muito baixo | P/VPC horrivel | Liquidez: muito baixa | Ativos: extremamente baixo | Vacancia: otima
LASC11,Shoppings,Ativa,"103,14","3,67","102,91","81,32",133221,241747000,"0,0",307706000,2,460,"88,4","0,0","3487,0","61280,0","30,0",Div Yield muito baixo | P/VPC ok | Liquidez: muito baixa | Ativos: medio | Vacancia: otima
LOFT11,Residencial,Ativa,"65,1","5,86","33,5","24,97",14948,87258200,"0,0",390211000,149,149,"118,8","16,0","5263,0","19690,0","25,0",Div Yield perigosamente alto | P/VPC horrivel | Liquidez: muito baixa | Ativos: medio | Vacancia: otima
LFTT11,Residencial,Ativa,"55,63","3,21","108,88","96,05",341542,634468000,"0,0",644603000,337,337,"102,0","4,0","16898,0","38316,0","25,0",Div Yield muito baixo | P/VPC horrivel | Liquidez: muito baixa | Ativos: ok | Vacancia: otima
LGCP11,Logística,Ativa,"98,79","4,4","102,07","85,07",183100,259403000,"0,0",271382000,5,23,"99,4","188,0","3199,0","80620,0","35,0",Div Yield muito baixo | P/VPC otimo | Liquidez: muito baixa | Ativos: baixo | Vacancia: otima
LUGG11,Residencial,Ativa,"109,82","5,66","109,02","93,27",70463,86580000,"0,065",99343100,4,452,"98,5","511,0","3900,0","21877,0","9,35",Div Yield muito baixo | P/VPC horrivel | Liquidez: muito baixa | Ativos: extremamente baixo | Vacancia: otima
DMAC11,Residencial,Passiva,"160,07","26,06","121,0","68,88",70731,11970400,"0,0",66493800,0,0,"0,0","0,0","0,0","0,0","15,0",Div Yield perigosamente alto | P/VPC horrivel | Liquidez: muito baixa | Ativos: extremamente baixo | Vacancia: N/A
MALL11,Shoppings,Ativa,"105,34","4,47","105,68","60,09",2295250,714453000,"0,054000000000000006",801640000,5,777,"78,0","345,0","3579,0","155768,0","29,46",Div Yield muito baixo | P/VPC horrivel | Liquidez: ok | Ativos: ok | Vacancia: otima
MXRF11,Híbrido,Ativa,"10,07","0,72","10,64","7,7",8330250,1885100000,"1,0",1853620000,2,5,"0,4","0,0","11991,0","621,0","60,0",Div Yield ok | P/VPC otimo | Liquidez: otima | Ativos: otimo | Vacancia: muito alta
MFII11,Híbrido,Ativa,"119,11","10,01","131,0","74,81",1175040,393250000,"0,0",397326000,16,11,"6,3","0,0","74,0","332769,0","65,0",Div Yield otimo | P/VPC otimo | Liquidez: ok | Ativos: medio | Vacancia: otima
MFAI11,Híbrido,Ativa,"95,45","7,17","180,35","96,02",324579,29404800,"0,0",29860900,0,0,"0,0","0,0","0,0","0,0","40,0",Div Yield ok | P/VPC otimo | Liquidez: muito baixa | Ativos: extremamente baixo | Vacancia: N/A
MORE11,Títulos e Val. Mob.,Ativa,"100,61","3,55","115,36","87,87",320625,226114000,"0,0",245758000,0,0,"0,0","0,0","0,0","0,0","35,0",Div Yield muito baixo | P/VPC otimo | Liquidez: muito baixa | Ativos: baixo | Vacancia: N/A
DRIT11,Lajes Corporativas,Ativa,"131,22","4,7","156,37","108,45",3144,51910200,"0,055999999999999994",61260800,6,11,"97,0","620,0","8796,0","5725,0","9,44",Div Yield muito baixo | P/VPC horrivel | Liquidez: muito baixa | Ativos: extremamente baixo | Vacancia: otima
NEWL11,Híbrido,Ativa,"110,86","5,5","105,66","76,85",270416,129036000,"0,0",139399000,1,1,"68,9","314,0","2183,0","40719,0","25,0",Div Yield muito baixo | P/VPC ok | Liquidez: muito baixa | Ativos: baixo | Vacancia: otima
NEWU11,Híbrido,Ativa,"64,33","0,11","51,83","36,76",14451,28574400,"0,423",47818700,3,32,"90,5","201,0","2005,0","12904,0","5,77",Div Yield muito baixo | P/VPC horrivel | Liquidez: muito baixa | Ativos: extremamente baixo | Vacancia: muito alta
FTCE11,Híbrido,Ativa,"2653,05","106,81","2950,01","2445,0",0,2585750000,"0,045",2981450000,69,1774,"76,1","21,0","1964,0","1001553,0","29,55",Div Yield muito baixo | P/VPC horrivel | Liquidez: muito baixa | Ativos: otimo | Vacancia: otima
OUJP11,Híbrido,Ativa,"103,89","7,51","107,56","70,32",1253690,241020000,"0,0",239175000,0,0,"0,0","0,0","0,0","0,0","50,0",Div Yield ok | P/VPC otimo | Liquidez: ok | Ativos: baixo | Vacancia: N/A
ORPD11,Títulos e Val. Mob.,Ativa,"144,53","0,0","132,0","89,0",4962,34075000,"0,0",42877000,0,0,"0,0","0,0","0,0","0,0","10,0",Div Yield muito baixo | P/VPC horrivel | Liquidez: muito baixa | Ativos: extremamente baixo | Vacancia: N/A
PQAG11,Logística,Ativa,"54,37","2,81","70,62","60,47",22586,983070000,"0,0",818836000,0,0,"101,2","0,0","0,0","0,0","25,0",Div Yield muito baixo | P/VPC horrivel | Liquidez: muito baixa | Ativos: ok | Vacancia: N/A
PATC11,Lajes Corporativas,Ativa,"101,48","3,45","76,53","64,0",689259,249262000,"0,0",354163000,5,16,"50,2","1218,0","14672,0","8526,0","20,0",Div Yield muito baixo | P/VPC horrivel | Liquidez: muito baixa | Ativos: medio | Vacancia: otima
PATL11,Logística,Ativa,"97,08","3,27","96,57","89,66",1568740,464213000,"0,076",488562000,2,2,"84,0","80,0","2949,0","132198,0","44,24",Div Yield muito baixo | P/VPC otimo | Liquidez: ok | Ativos: medio | Vacancia: otima
PRSN11,Residencial,Ativa,"0,33","0,05","1,39","0,51",12638,32054000,"0,0",33520200,2,35,"70,6","0,0","111954,0","202,0","30,0",Div Yield otimo | P/VPC horrivel | Liquidez: muito baixa | Ativos: extremamente baixo | Vacancia: otima
PLRI11,Títulos e Val. Mob.,Ativa,"54,86","2,89","45,71","27,31",15458,43602100,"0,0",103902000,0,0,"0,0","0,0","0,0","0,0","25,0",Div Yield ok | P/VPC horrivel | Liquidez: muito baixa | Ativos: baixo | Vacancia: N/A
PORD11,Títulos e Val. Mob.,Ativa,"100,93","9,4","103,22","76,8",372192,202157000,"0,0",201491000,0,0,"0,0","0,0","0,0","0,0","55,0",Div Yield otimo | P/VPC otimo | Liquidez: muito baixa | Ativos: baixo | Vacancia: N/A
PRSV11,Lajes Corporativas,Passiva,"235,83","14,11","188,25","138,16",44365,29250000,"0,409",46209600,1,23,"94,6","640,0","2744,0","10082,0","25,91",Div Yield otimo | P/VPC horrivel | Liquidez: muito baixa | Ativos: extremamente baixo | Vacancia: muito alta
QAGR11,Lajes Corporativas,Ativa,"58,55","4,11","56,2","38,4",1597810,264600000,"0,0",301025000,12,12,"97,2","36,0","740,0","347258,0","35,0",Div Yield ok | P/VPC horrivel | Liquidez: ok | Ativos: medio | Vacancia: otima
QIFF11,Títulos e Val. Mob.,Passiva,"100,76","1,5","105,24","97,25",86691,15298500,"0,0",15280500,0,0,"0,0","0,0","0,0","0,0","30,0",Div Yield muito baixo | P/VPC otimo | Liquidez: muito baixa | Ativos: extremamente baixo | Vacancia: N/A
RBDS11,Residencial,Ativa,"22,51","0,0","43,23","20,01",4909,3036550,"0,0",3524900,1,0,"0,0","0,0","0,0","0,0","20,0",Div Yield muito baixo | P/VPC ok | Liquidez: muito baixa | Ativos: extremamente baixo | Vacancia: N/A
RBGS11,Shoppings,Passiva,"90,93","1,16","44,31","36,97",34923,42581000,"0,129",98379300,1,152,"99,3","68,0","1458,0","29018,0","8,71",Div Yield muito baixo | P/VPC horrivel | Liquidez: muito baixa | Ativos: extremamente baixo | Vacancia: ok
RBCO11,Lajes Corporativas,Ativa,"102,62","5,8","88,96","70,99",223359,268687000,"0,28300000000000003",441619000,4,85,"92,7","570,0","7064,0","35277,0","37,17",Div Yield otimo | P/VPC horrivel | Liquidez: muito baixa | Ativos: medio | Vacancia: ok
RRCI11,Títulos e Val. Mob.,Ativa,"96,05","1,68","98,5","90,12",87990,45275500,"0,0",47520900,0,0,"0,0","0,0","0,0","0,0","30,0",Div Yield muito baixo | P/VPC otimo | Liquidez: muito baixa | Ativos: extremamente baixo | Vacancia: N/A
FIIP11,Híbrido,Passiva,"193,16","20,73","203,97","123,79",134838,180797000,"0,0",180279000,7,7,"95,9","305,0","2533,0","68444,0","55,0",Div Yield otimo | P/VPC otimo | Liquidez: muito baixa | Ativos: baixo | Vacancia: otima
RBRD11,Híbrido,Passiva,"70,06","21,17","86,79","42,86",156500,111718000,"0,28",130329000,4,4,"95,4","1724,0","3958,0","26923,0","17,2",Div Yield perigosamente alto | P/VPC horrivel | Liquidez: muito baixa | Ativos: baixo | Vacancia: ok
RCRI11,Híbrido,Ativa,"1027,24","57,12","1000,0","1000,0",0,51012000,"0,0",53874100,0,0,"0,0","0,0","0,0","0,0","30,0",Div Yield muito baixo | P/VPC otimo | Liquidez: muito baixa | Ativos: extremamente baixo | Vacancia: N/A
RBRF11,Títulos e Val. Mob.,Ativa,"93,07","5,54","99,11","67,18",4567280,1260680000,"0,0",1289990000,0,0,"0,0","0,0","0,0","0,0","65,0",Div Yield ok | P/VPC otimo | Liquidez: ok | Ativos: otimo | Vacancia: N/A
RCFF11,Títulos e Val. Mob.,Ativa,"98,54","5,03","110,0","87,41",5591,31961000,"0,0",31902000,0,0,"0,0","0,0","0,0","0,0","30,0",Div Yield muito baixo | P/VPC otimo | Liquidez: muito baixa | Ativos: extremamente baixo | Vacancia: N/A
RBRL11,Logística,Ativa,"106,74","4,97","113,82","89,43",1334980,613354000,"0,0",696427000,6,6,"106,3","57,0","2218,0","294050,0","50,0",Div Yield muito baixo | P/VPC otimo | Liquidez: ok | Ativos: ok | Vacancia: otima
RBIV11,Títulos e Val. Mob.,Ativa,"99,95","6,02","88,0","64,19",292536,84561100,"0,0",103799000,0,0,"0,0","0,0","0,0","0,0","25,0",Div Yield ok | P/VPC horrivel | Liquidez: muito baixa | Ativos: baixo | Vacancia: N/A
RBVO11,,,"22,22","1,05","18,25","11,36",7802,7629040,"0,0",11499000,0,0,"0,0","0,0","0,0","0,0","20,0",Div Yield ok | P/VPC horrivel | Liquidez: muito baixa | Ativos: extremamente baixo | Vacancia: N/A
RBFF11,Títulos e Val. Mob.,Ativa,"74,92","4,11","74,39","52,11",692918,252165000,"0,0",285979000,0,0,"0,0","0,0","0,0","0,0","25,0",Div Yield ok | P/VPC horrivel | Liquidez: muito baixa | Ativos: baixo | Vacancia: N/A
RBRS11,Híbrido,Ativa,"96,72","1,62","103,63","87,1",26292,94540200,"0,0",194080000,3,397,"157,4","33,0","11635,0","12793,0","25,0",Div Yield muito baixo | P/VPC ok | Liquidez: muito baixa | Ativos: baixo | Vacancia: otima
RZAK11,Títulos e Val. Mob.,Ativa,"97,07","0,51","103,61","93,04",1290880,288166000,"0,0",293086000,0,0,"0,0","0,0","0,0","0,0","40,0",Div Yield muito baixo | P/VPC otimo | Liquidez: ok | Ativos: baixo | Vacancia: N/A
ARCT11,Híbrido,Ativa,"103,14","17,16","118,79","68,09",783064,51566700,"0,0",53172100,3,3,"34,8","93,0","363,0","49339,0","30,0",Div Yield otimo | P/VPC horrivel | Liquidez: muito baixa | Ativos: extremamente baixo | Vacancia: otima
SADI11,Títulos e Val. Mob.,Ativa,"100,39","2,62","89,31","64,77",370635,252795000,"0,0",320413000,0,0,"0,0","0,0","0,0","0,0","20,0",Div Yield muito baixo | P/VPC horrivel | Liquidez: muito baixa | Ativos: medio | Vacancia: N/A
SARE11,Híbrido,Ativa,"100,35","2,92","99,87","61,58",570811,511358000,"0,0",593801000,2,19,"25,3","347,0","5738,0","22507,0","45,0",Div Yield muito baixo | P/VPC otimo | Liquidez: muito baixa | Ativos: ok | Vacancia: otima
SEQR11,,Ativa,"105,51","0,67","98,36","87,02",44548,133385000,"0,0",156828000,0,0,"11,6","0,0","0,0","0,0","15,0",Div Yield muito baixo | P/VPC horrivel | Liquidez: muito baixa | Ativos: baixo | Vacancia: N/A
WPLZ11,Shoppings,Passiva,"105,13","0,65","90,26","64,0",22849,65634000,"0,075",107511000,1,172,"98,1","57,0","1751,0","36780,0","14,25",Div Yield muito baixo | P/VPC horrivel | Liquidez: muito baixa | Ativos: baixo | Vacancia: otima
REIT11,Títulos e Val. Mob.,Ativa,"1270,85","73,39","1298,0","836,86",2201,28972900,"0,0",33493000,0,0,"0,0","0,0","0,0","0,0","20,0",Div Yield ok | P/VPC horrivel | Liquidez: muito baixa | Ativos: extremamente baixo | Vacancia: N/A
SOLR11,,Ativa,"1013,3","76,33","1015,36","1015,36",2377,63848900,"0,0",63759000,1,1,"98,4","700,0","7803,0","8052,0","40,0",Div Yield ok | P/VPC otimo | Liquidez: muito baixa | Ativos: extremamente baixo | Vacancia: otima
SPTW11,Lajes Corporativas,Passiva,"69,3","9,06","84,1","44,78",420178,139183000,"0,0",131552000,1,8,"68,4","1001,0","4793,0","19871,0","35,0",Div Yield otimo | P/VPC horrivel | Liquidez: muito baixa | Ativos: baixo | Vacancia: otima
STRX11,Híbrido,Passiva,"20348,66","364,63","0,0","0,0",0,243234000,"0,2",315534000,2,45,"100,3","106,0","2584,0","94370,0","18,0",Div Yield muito baixo | P/VPC horrivel | Liquidez: muito baixa | Ativos: medio | Vacancia: ok
TEPP11,Lajes Corporativas,Ativa,"94,91","4,43","93,31","79,12",545305,347257000,"0,128",420422000,4,89,"97,6","782,0","11110,0","30514,0","18,72",Div Yield muito baixo | P/VPC horrivel | Liquidez: muito baixa | Ativos: medio | Vacancia: ok
TORD11,Híbrido,Ativa,"10,41","0,71","11,58","7,46",2091920,155240000,"0,0",141163000,0,0,"0,0","0,0","0,0","0,0","30,0",Div Yield ok | P/VPC horrivel | Liquidez: ok | Ativos: baixo | Vacancia: N/A
XTED11,Lajes Corporativas,Ativa,"14,26","0,0","9,54","6,65",18555,12440300,"1,0",25832700,1,6,"99,0","0,0","1650,0","7464,0","0,0",Div Yield muito baixo | P/VPC horrivel | Liquidez: muito baixa | Ativos: extremamente baixo | Vacancia: muito alta
TRXF11,Híbrido,Ativa,"106,51","5,47","111,19","75,94",3119900,560459000,"0,0",985240000,21,21,"79,9","111,0","1859,0","240834,0","50,0",Div Yield muito baixo | P/VPC otimo | Liquidez: ok | Ativos: ok | Vacancia: otima
TRXB11,Híbrido,Passiva,"100,56","5,39","127,32","99,58",928623,288914000,"0,0",720734000,12,12,"136,5","170,0","3161,0","124772,0","25,0",Div Yield muito baixo | P/VPC horrivel | Liquidez: muito baixa | Ativos: ok | Vacancia: otima
URPR11,Outros,Ativa,"101,94","12,3","127,82","79,98",1266760,95474600,"0,0",78879300,0,0,"0,0","0,0","0,0","0,0","35,0",Div Yield otimo | P/VPC horrivel | Liquidez: ok | Ativos: extremamente baixo | Vacancia: N/A
VGIP11,Outros,Ativa,"94,81","6,98","115,11","55,86",2381810,393276000,"0,0",336036000,0,0,"0,0","0,0","0,0","0,0","35,0",Div Yield ok | P/VPC horrivel | Liquidez: ok | Ativos: medio | Vacancia: N/A
VGIR11,Títulos e Val. Mob.,Ativa,"96,89","5,5","94,51","67,52",909670,425901000,"0,0",440724000,0,0,"0,0","0,0","0,0","0,0","40,0",Div Yield muito baixo | P/VPC otimo | Liquidez: muito baixa | Ativos: medio | Vacancia: N/A
EVBI11,Híbrido,Ativa,"97,82","4,38","119,99","103,4",96180,120023000,"0,0",128325000,2,29,"116,5","0,0","0,0","0,0","15,0",Div Yield muito baixo | P/VPC horrivel | Liquidez: muito baixa | Ativos: baixo | Vacancia: N/A
RVBI11,Títulos e Val. Mob.,Ativa,"96,29","6,43","96,02","61,37",516463,134640000,"0,0",140703000,0,0,"0,0","0,0","0,0","0,0","45,0",Div Yield ok | P/VPC otimo | Liquidez: muito baixa | Ativos: baixo | Vacancia: N/A
VCJR11,Títulos e Val. Mob.,Ativa,"99,11","4,49","110,23","78,79",859406,1196720000,"0,0",1141450000,0,0,"0,0","0,0","0,0","0,0","40,0",Div Yield muito baixo | P/VPC ok | Liquidez: muito baixa | Ativos: otimo | Vacancia: N/A
VIFI11,Títulos e Val. Mob.,Ativa,"101,68","5,69","95,68","88,85",471717,255951000,"0,0",288460000,0,0,"0,0","0,0","0,0","0,0","25,0",Div Yield ok | P/VPC horrivel | Liquidez: muito baixa | Ativos: baixo | Vacancia: N/A
VILG11,Logística,Ativa,"114,85","5,76","128,93","79,12",6150820,1269780000,"0,0",1921600000,12,32,"104,6","148,0","3099,0","428767,0","60,0",Div Yield muito baixo | P/VPC otimo | Liquidez: otima | Ativos: otimo | Vacancia: otima
VINO11,Lajes Corporativas,Ativa,"60,53","4,02","63,01","38,5",2909880,770318000,"0,0",935779000,8,8,"105,0","885,0","14959,0","54078,0","60,0",Div Yield ok | P/VPC otimo | Liquidez: ok | Ativos: ok | Vacancia: otima
VISC11,Shoppings,Ativa,"119,37","4,05","116,17","70,34",3793770,1529850000,"0,068",1876810000,15,3191,"105,5","119,0","2803,0","575755,0","34,32",Div Yield muito baixo | P/VPC horrivel | Liquidez: ok | Ativos: otimo | Vacancia: otima
VOTS11,Títulos e Val. Mob.,Ativa,"98,82","4,0","87,4","69,08",32800,68716800,"0,0",82328300,0,0,"0,0","0,0","0,0","0,0","10,0",Div Yield muito baixo | P/VPC horrivel | Liquidez: muito baixa | Ativos: extremamente baixo | Vacancia: N/A
XPCM11,Lajes Corporativas,Passiva,"73,35","10,33","57,34","34,71",1064640,97234700,"0,0",178248000,1,1,"81,4","1612,0","4023,0","19664,0","25,0",Div Yield perigosamente alto | P/VPC horrivel | Liquidez: ok | Ativos: baixo | Vacancia: otima
XPCI11,Títulos e Val. Mob.,Ativa,"97,31","7,67","95,96","60,08",1939000,625967000,"0,0",646534000,0,0,"0,0","0,0","0,0","0,0","70,0",Div Yield otimo | P/VPC otimo | Liquidez: ok | Ativos: ok | Vacancia: N/A
XPHT11,Hotel,Ativa,"87,04","0,33","99,97","79,7",88988,325183000,"0,0",331182000,11,1041,"98,0","199,0","13249,0","24059,0","40,0",Div Yield muito baixo | P/VPC otimo | Liquidez: muito baixa | Ativos: medio | Vacancia: otima
XPIN11,Outros,Ativa,"110,7","7,28","115,99","79,15",1990790,731109000,"0,01",735110000,89,98,"93,5","188,0","2830,0","241629,0","59,9",Div Yield ok | P/VPC otimo | Liquidez: ok | Ativos: ok | Vacancia: otima
XPLG11,Logística,Ativa,"109,94","4,96","131,08","81,02",8511390,3063500000,"0,0",3118130000,12,12,"46,4","158,0","1931,0","736192,0","60,0",Div Yield muito baixo | P/VPC otimo | Liquidez: otima | Ativos: otimo | Vacancia: otima
XPML11,Shoppings,Ativa,"112,11","3,3","118,63","75,23",5521070,1896880000,"0,087",2347690000,9,1365,"79,9","21,0","609,0","2490903,0","49,13",Div Yield muito baixo | P/VPC ok | Liquidez: otima | Ativos: otimo | Vacancia: otima
XPPR11,Outros,Ativa,"87,55","5,21","89,54","59,8",2706230,528886000,"0,0",806601000,5,5,"94,9","663,0","8350,0","60132,0","40,0",Div Yield ok | P/VPC horrivel | Liquidez: ok | Ativos: ok | Vacancia: otima
XPSF11,Títulos e Val. Mob.,Ativa,"99,25","7,13","96,79","65,11",1677810,417952000,"0,0",438516000,0,0,"0,0","0,0","0,0","0,0","55,0",Div Yield ok | P/VPC otimo | Liquidez: ok | Ativos: medio | Vacancia: N/A
